Rank (copies),Card,Total copies,% of all main-deck copies,Decks,% of decks,Rank (decks),Avg copies per deck,Decks at 1x,Decks at 2x,Decks at 3x,Decks at 4x,Best finish,Best deck character,Best deck name
1,Queen of the Monsters,221,2.27%,56,38.4%,3,3.95,0,0,3,53,4,"mikasa ackerman, hizuru’s hope",Idk what I’m doing here m
2,Inspiring Song,130,1.34%,35,24.0%,4,3.71,0,3,4,28,3,"reiner braun, warrior // reiner, armored titan advancing",holy cr*p reiner is meta guys
3,Fearsome Transformations,126,1.30%,34,23.3%,6,3.71,0,1,8,25,3,"reiner braun, warrior // reiner, armored titan advancing",holy cr*p reiner is meta guys
4,Botan's Coaching,126,1.30%,33,22.6%,8,3.82,0,0,6,27,11,"pieck finger, panzer unit cartman // cart titan, finale",Wub De
5,Moment of Normalcy,120,1.23%,105,71.9%,1,1.14,90,15,0,0,2,Ymir,I've lied
6,Dark Ward,102,1.05%,31,21.2%,9,3.29,0,6,10,15,1,"mikasa ackerman, hizuru’s hope",Mistress Of The Salmon Salt
7,Sen-Siss Hou,100,1.03%,28,19.2%,10,3.57,0,1,10,17,9,Eddy Gordo,life changing thermal flame on a 5
8,Armor-Clad Faith,96,0.99%,27,18.5%,11,3.56,0,2,8,17,10,pony tsunotori,New Deck
9,Invisible Infiltration,94,0.97%,25,17.1%,12,3.76,0,1,4,20,4,"mikasa ackerman, hizuru’s hope",Idk what I’m doing here m
10,Loss of Consciousness,91,0.94%,25,17.1%,13,3.64,0,3,3,19,1,"mikasa ackerman, hizuru’s hope",Mistress Of The Salmon Salt
11,Military Airship,88,0.90%,72,49.3%,2,1.22,58,12,2,0,1,"mikasa ackerman, hizuru’s hope",Mistress Of The Salmon Salt
12,Godzilla vs Biollante,84,0.86%,24,16.4%,14,3.50,1,3,3,17,2,Ymir,I've lied
13,Incubating,81,0.83%,21,14.4%,25,3.86,0,1,1,19,7,"godzilla, titan of terror",Spicy ToT
14,Dumbfounded,80,0.82%,22,15.1%,20,3.64,0,2,4,16,7,"godzilla, titan of terror",Spicy ToT
15,Bug Bite,76,0.78%,23,15.8%,17,3.30,2,1,8,12,4,"mikasa ackerman, hizuru’s hope",Idk what I’m doing here m
16,Syndicate Target,75,0.77%,21,14.4%,26,3.57,0,3,3,15,1,"mikasa ackerman, hizuru’s hope",Mistress Of The Salmon Salt
17,Walk The Dog,74,0.76%,22,15.1%,21,3.36,0,2,10,10,3,"reiner braun, warrior // reiner, armored titan advancing",holy cr*p reiner is meta guys
18,Analytical Observation,74,0.76%,20,13.7%,29,3.70,0,1,4,15,7,"godzilla, titan of terror",Spicy ToT
19,Team Hero XV,73,0.75%,34,23.3%,7,2.15,7,19,4,4,4,"mikasa ackerman, hizuru’s hope",Idk what I’m doing here m
20,Weapon Clash,73,0.75%,21,14.4%,27,3.48,0,3,5,13,1,"mikasa ackerman, hizuru’s hope",Mistress Of The Salmon Salt
21,Violent Past,73,0.75%,19,13.0%,34,3.84,0,0,3,16,1,"mikasa ackerman, hizuru’s hope",Mistress Of The Salmon Salt
22,Acidic Sludge,72,0.74%,21,14.4%,28,3.43,0,2,8,11,1,"mikasa ackerman, hizuru’s hope",Mistress Of The Salmon Salt
23,Timely Counterattack,70,0.72%,20,13.7%,30,3.50,1,3,1,15,1,"mikasa ackerman, hizuru’s hope",Mistress Of The Salmon Salt
24,Overdrive Uppercut,70,0.72%,18,12.3%,39,3.89,0,0,2,16,2,Ymir,I've lied
25,Rifle Arm,69,0.71%,22,15.1%,22,3.14,0,3,13,6,4,"mikasa ackerman, hizuru’s hope",Idk what I’m doing here m
26,Protector of Life,67,0.69%,24,16.4%,15,2.79,1,11,4,8,9,Eddy Gordo,life changing thermal flame on a 5
27,Destructive Heat Ray,65,0.67%,17,11.6%,44,3.82,0,0,3,14,7,"godzilla, titan of terror",Spicy ToT
28,Pushing the Limits,64,0.66%,17,11.6%,45,3.76,0,2,0,15,4,"mikasa ackerman, hizuru’s hope",Idk what I’m doing here m
29,Monster vs Machine,63,0.65%,19,13.0%,35,3.32,1,2,6,10,2,Ymir,I've lied
30,Demonic Catastrophe,63,0.65%,16,11.0%,48,3.94,0,0,1,15,3,"reiner braun, warrior // reiner, armored titan advancing",holy cr*p reiner is meta guys
31,Eren's Sidestep,62,0.64%,18,12.3%,40,3.44,0,3,4,11,13,"mothra, divine moth",Gas Propellant
32,Undercover Infiltration,61,0.63%,20,13.7%,31,3.05,0,6,7,7,14,"anguirus, fierce dragon","Paul, I hope you're having a good time. I wish I was at the hotel, not only to hang out with you more, but also because our airbnb is completely unhinged. I had an anxiety attack when I did my first walkthrough. I may drive a"
33,Fateful Decision,61,0.63%,19,13.0%,36,3.21,0,4,7,8,17,nick ragan,Nick
34,Zeus Unlimited,61,0.63%,17,11.6%,46,3.59,0,2,3,12,23,Jack-8,Jackin' It
35,Immense Showdown,58,0.60%,22,15.1%,23,2.64,2,11,2,7,8,"sasha blouse, food fanatic",Samwise
36,Hunter’s Ally,58,0.60%,19,13.0%,37,3.05,0,4,10,5,10,pony tsunotori,New Deck
37,Aerial Goblin Bolt,57,0.59%,19,13.0%,38,3.00,1,3,10,5,4,"mikasa ackerman, hizuru’s hope",Idk what I’m doing here m
38,Battle Holds the Answer,57,0.59%,16,11.0%,49,3.56,0,2,3,11,28,"king ghidorah, three-headed monster",Ghidorah
39,What do you fight for,57,0.59%,15,10.3%,51,3.80,0,0,3,12,11,"pieck finger, panzer unit cartman // cart titan, finale",Wub De
40,Banshee Sword's Shriek,56,0.58%,14,9.6%,52,4.00,0,0,0,14,4,"mikasa ackerman, hizuru’s hope",Idk what I’m doing here m
41,Divine Defender,55,0.57%,20,13.7%,32,2.75,0,9,7,4,13,"mothra, divine moth",Gas Propellant
42,Keiko's Aid,54,0.56%,20,13.7%,33,2.70,2,6,8,4,2,Ymir,I've lied
43,The Shobijin's Message,53,0.54%,35,24.0%,5,1.51,18,16,1,0,4,"mikasa ackerman, hizuru’s hope",Idk what I’m doing here m
44,Limited Entry,53,0.54%,23,15.8%,18,2.30,4,9,9,1,11,"pieck finger, panzer unit cartman // cart titan, finale",Wub De
45,Tri Gravity Beam,52,0.53%,22,15.1%,24,2.36,2,11,8,1,16,"king ghidorah, emperor of the cosmos",Not Fast But F
46,Battle For Dominance,52,0.53%,18,12.3%,41,2.89,0,6,8,4,1,"mikasa ackerman, hizuru’s hope",Mistress Of The Salmon Salt
47,Item Menu,52,0.53%,13,8.9%,66,4.00,0,0,0,13,27,"king ghidorah, three-headed monster",Keenang Ghidorah
48,A Life of Danger,51,0.52%,14,9.6%,53,3.64,0,0,5,9,16,"king ghidorah, emperor of the cosmos",Not Fast But F
49,Jin’s Glove,50,0.51%,18,12.3%,42,2.78,0,10,2,6,13,"mothra, divine moth",Gas Propellant
50,Ursine Might,50,0.51%,17,11.6%,47,2.94,2,4,4,7,6,"biollante, giant plant monster",Biollante
51,Superfly Stomp,49,0.50%,14,9.6%,54,3.50,0,1,5,8,27,"king ghidorah, three-headed monster",Keenang Ghidorah
52,I'm With You,48,0.49%,14,9.6%,56,3.43,0,3,2,9,11,"pieck finger, panzer unit cartman // cart titan, finale",Wub De
53,Tough Skin,48,0.49%,14,9.6%,55,3.43,0,3,2,9,6,"biollante, giant plant monster",Biollante
54,Bloodsucking Universe,48,0.49%,13,8.9%,67,3.69,0,0,4,9,11,"pieck finger, panzer unit cartman // cart titan, finale",Wub De
55,Fourth Wielder: Danger Sense,46,0.47%,14,9.6%,57,3.29,0,4,2,8,36,"izuku midoriya, deku",9th Wielder
56,Spirit Beast Puu,46,0.47%,14,9.6%,58,3.29,0,3,4,7,21,"zeke yeager // zeke, beast titan",Zeke1 Dallas - Zach Richards
57,Thunder Spear Demo,46,0.47%,14,9.6%,59,3.29,1,2,3,8,4,"mikasa ackerman, hizuru’s hope",Idk what I’m doing here m
58,Earthbreaker,46,0.47%,13,8.9%,68,3.54,0,1,4,8,17,nick ragan,Nick
59,Resting Up,45,0.46%,14,9.6%,60,3.21,0,2,7,5,2,Ymir,I've lied
60,Yggdrasil Rebel Leader,45,0.46%,13,8.9%,69,3.46,0,3,1,9,11,"pieck finger, panzer unit cartman // cart titan, finale",Wub De
61,Substitute Member,44,0.45%,18,12.3%,43,2.44,2,9,4,3,1,"mikasa ackerman, hizuru’s hope",Mistress Of The Salmon Salt
62,Scales of Juno,44,0.45%,13,8.9%,70,3.38,0,2,4,7,6,"biollante, giant plant monster",Biollante
63,Electric Moth,43,0.44%,14,9.6%,61,3.07,0,4,5,5,10,pony tsunotori,New Deck
64,Fighting for Control,43,0.44%,13,8.9%,71,3.31,0,1,7,5,13,"mothra, divine moth",Gas Propellant
65,Smiling Death,40,0.41%,11,7.5%,84,3.64,0,1,2,8,4,"mikasa ackerman, hizuru’s hope",Idk what I’m doing here m
66,Daily Training,39,0.40%,12,8.2%,77,3.25,0,1,7,4,40,Lars Alexandersson,Larson
67,King Ghidorah Unleashed,39,0.40%,11,7.5%,85,3.55,0,1,3,7,16,"king ghidorah, emperor of the cosmos",Not Fast But F
68,Sixth Wielder: Smokescreen,38,0.39%,14,9.6%,62,2.71,0,5,8,1,4,"mikasa ackerman, hizuru’s hope",Idk what I’m doing here m
69,Mikasa Defeats the Female Titan,38,0.39%,13,8.9%,72,2.92,0,5,4,4,13,"mothra, divine moth",Gas Propellant
70,Guardian Angel of Chinatown,38,0.39%,12,8.2%,78,3.17,0,5,0,7,6,"biollante, giant plant monster",Biollante
71,Ocean Buddies,38,0.39%,12,8.2%,79,3.17,0,3,4,5,7,"godzilla, titan of terror",Spicy ToT
72,Sleepyhead,38,0.39%,11,7.5%,86,3.45,0,1,4,6,9,Eddy Gordo,life changing thermal flame on a 5
73,Treasure Hunting,38,0.39%,11,7.5%,88,3.45,0,1,4,6,16,"king ghidorah, emperor of the cosmos",Not Fast But F
74,World's Weakest Hunter,38,0.39%,11,7.5%,87,3.45,0,1,4,6,17,nick ragan,Nick
75,Latent Skill,36,0.37%,13,8.9%,73,2.77,1,2,9,1,4,"mikasa ackerman, hizuru’s hope",Idk what I’m doing here m
76,Battle Aura Release,36,0.37%,10,6.8%,99,3.60,0,0,4,6,10,pony tsunotori,New Deck
77,Combined Firepower,36,0.37%,9,6.2%,109,4.00,0,0,0,9,16,"king ghidorah, emperor of the cosmos",Not Fast But F
78,Violent Animus Shot,34,0.35%,14,9.6%,63,2.43,2,6,4,2,13,"mothra, divine moth",Gas Propellant
79,Shin Hashogeki,34,0.35%,12,8.2%,80,2.83,1,5,1,5,7,"godzilla, titan of terror",Spicy ToT
80,Detachable Head,34,0.35%,11,7.5%,89,3.09,1,1,5,4,40,Lars Alexandersson,Larson
81,Capture the Target,33,0.34%,11,7.5%,90,3.00,0,4,3,4,7,"godzilla, titan of terror",Spicy ToT
82,Moth Monster,33,0.34%,11,7.5%,91,3.00,0,4,3,4,43,armored all might,AAM
83,Frenzied Dive,33,0.34%,10,6.8%,100,3.30,0,1,5,4,7,"godzilla, titan of terror",Spicy ToT
84,Mai Fighting Style,33,0.34%,10,6.8%,101,3.30,0,2,3,5,11,"pieck finger, panzer unit cartman // cart titan, finale",Wub De
85,Defiant Roar,33,0.34%,9,6.2%,110,3.67,0,1,1,7,7,"godzilla, titan of terror",Spicy ToT
86,Inventor’s Creation,32,0.33%,12,8.2%,81,2.67,0,6,4,2,11,"pieck finger, panzer unit cartman // cart titan, finale",Wub De
87,Crushing Impact,32,0.33%,9,6.2%,111,3.56,0,1,2,6,7,"godzilla, titan of terror",Spicy ToT
88,Finally Free,32,0.33%,8,5.5%,126,4.00,0,0,0,8,8,"sasha blouse, food fanatic",Samwise
89,"Mondo Gecko, Righteous Reptile",31,0.32%,24,16.4%,16,1.29,17,7,0,0,9,Eddy Gordo,life changing thermal flame on a 5
90,Split Body Control,31,0.32%,13,8.9%,74,2.38,0,10,1,2,31,pony tsunotori,Pony Sludge
91,Megalomania,31,0.32%,12,8.2%,82,2.58,2,4,3,3,7,"godzilla, titan of terror",Spicy ToT
92,Stroke the Big Tree,30,0.31%,13,8.9%,75,2.31,4,4,2,3,3,"reiner braun, warrior // reiner, armored titan advancing",holy cr*p reiner is meta guys
93,Heat Tackle,30,0.31%,10,6.8%,104,3.00,0,3,4,3,19,"Izuku Midoriya, On The Move",New Deck
94,Hercules: Red Riot,30,0.31%,10,6.8%,103,3.00,0,2,6,2,41,armored all might,Lock n' Load Atlanta 9/18/2026
95,History's Greatest Monster,30,0.31%,10,6.8%,102,3.00,0,4,2,4,20,"godzilla, shin godzilla",New Deck
96,Fast Friendship,30,0.31%,9,6.2%,113,3.33,0,1,4,4,2,Ymir,I've lied
97,Koenma's Task,30,0.31%,9,6.2%,112,3.33,1,1,1,6,1,"mikasa ackerman, hizuru’s hope",Mistress Of The Salmon Salt
98,Need for Destruction,30,0.31%,9,6.2%,114,3.33,0,2,2,5,32,"king ghidorah, three-headed monster",ATL
99,Students of Tung Fu Rue,29,0.30%,23,15.8%,19,1.26,17,6,0,0,9,Eddy Gordo,life changing thermal flame on a 5
100,Galactic Monster,29,0.30%,9,6.2%,115,3.22,0,1,5,3,16,"king ghidorah, emperor of the cosmos",Not Fast But F
101,Space Terror,29,0.30%,9,6.2%,116,3.22,0,3,1,5,27,"king ghidorah, three-headed monster",Keenang Ghidorah
102,Gloating,29,0.30%,8,5.5%,127,3.62,0,0,3,5,32,"king ghidorah, three-headed monster",ATL
103,Growing Grasp,28,0.29%,10,6.8%,105,2.80,1,2,5,2,6,"biollante, giant plant monster",Biollante
104,Optimal Form,28,0.29%,10,6.8%,106,2.80,1,3,3,3,16,"king ghidorah, emperor of the cosmos",Not Fast But F
105,Desperate Plea,28,0.29%,9,6.2%,118,3.11,0,2,4,3,9,Eddy Gordo,life changing thermal flame on a 5
106,Giving in to Rage,28,0.29%,9,6.2%,117,3.11,0,3,2,4,59,"izuku midoriya, deku",Atlanta Deku
107,The Long Version,28,0.29%,9,6.2%,119,3.11,0,2,4,3,27,"king ghidorah, three-headed monster",Keenang Ghidorah
108,Feral Shriek,28,0.29%,7,4.8%,136,4.00,0,0,0,7,10,pony tsunotori,New Deck
109,Filled with Doubt,27,0.28%,13,8.9%,76,2.08,4,5,3,1,6,"biollante, giant plant monster",Biollante
110,Low Guard,27,0.28%,8,5.5%,128,3.38,1,0,2,5,10,pony tsunotori,New Deck
111,Team Dr. Ichigaki,26,0.27%,16,11.0%,50,1.62,8,6,2,0,6,"biollante, giant plant monster",Biollante
112,Vestige Slingshot,26,0.27%,8,5.5%,129,3.25,0,2,2,4,36,"izuku midoriya, deku",9th Wielder
113,Monster Aggression,25,0.26%,11,7.5%,92,2.27,1,7,2,1,14,"anguirus, fierce dragon","Paul, I hope you're having a good time. I wish I was at the hotel, not only to hang out with you more, but also because our airbnb is completely unhinged. I had an anxiety attack when I did my first walkthrough. I may drive a"
114,Signal Shot,25,0.26%,7,4.8%,137,3.57,0,1,1,5,11,"pieck finger, panzer unit cartman // cart titan, finale",Wub De
115,Ruthless Guardian,24,0.25%,10,6.8%,107,2.40,0,6,4,0,16,"king ghidorah, emperor of the cosmos",Not Fast But F
116,Briefcase Armor,24,0.25%,8,5.5%,130,3.00,0,3,2,3,43,armored all might,AAM
117,Creative Counter,24,0.25%,7,4.8%,138,3.43,0,2,0,5,36,"izuku midoriya, deku",9th Wielder
118,Journey of Redemption,23,0.24%,14,9.6%,64,1.64,6,7,1,0,6,"biollante, giant plant monster",Biollante
119,Falling Heel Strike,23,0.24%,8,5.5%,131,2.88,0,2,5,1,1,"mikasa ackerman, hizuru’s hope",Mistress Of The Salmon Salt
120,Strategic Meeting,23,0.24%,8,5.5%,132,2.88,1,2,2,3,14,"anguirus, fierce dragon","Paul, I hope you're having a good time. I wish I was at the hotel, not only to hang out with you more, but also because our airbnb is completely unhinged. I had an anxiety attack when I did my first walkthrough. I may drive a"
121,Focused Gravity Beam,23,0.24%,7,4.8%,139,3.29,0,2,1,4,1,"mikasa ackerman, hizuru’s hope",Mistress Of The Salmon Salt
122,A Father's Sin,23,0.24%,6,4.1%,156,3.83,0,0,1,5,3,"reiner braun, warrior // reiner, armored titan advancing",holy cr*p reiner is meta guys
123,Cardboard Crusader$,22,0.23%,14,9.6%,65,1.57,7,6,1,0,19,"Izuku Midoriya, On The Move",New Deck
124,Attack Titan's Haymaker // Eren's Determination,22,0.23%,9,6.2%,120,2.44,3,0,5,1,7,"godzilla, titan of terror",Spicy ToT
125,Rising Uppercut,22,0.23%,8,5.5%,133,2.75,1,3,1,3,27,"king ghidorah, three-headed monster",Keenang Ghidorah
126,Wingnut’s Sabotage,22,0.23%,8,5.5%,134,2.75,1,1,5,1,19,"Izuku Midoriya, On The Move",New Deck
127,A Kazama's Power,22,0.23%,7,4.8%,143,3.14,0,3,0,4,77,Lars Alexandersson,Lars - Good
128,Godzilla vs Gigan,22,0.23%,7,4.8%,140,3.14,1,0,3,3,17,nick ragan,Nick
129,Ice Sword Execution,22,0.23%,7,4.8%,142,3.14,0,2,2,3,46,Jack-8,Jack of all trades
130,United Front,22,0.23%,7,4.8%,144,3.14,0,2,2,3,13,"mothra, divine moth",Gas Propellant
131,Yelena’s Machinations,22,0.23%,7,4.8%,141,3.14,1,0,3,3,23,Jack-8,Jackin' It
132,Third Wielder: Fa Jin,22,0.23%,6,4.1%,157,3.67,0,0,2,4,19,"Izuku Midoriya, On The Move",New Deck
133,Wrathful Spirit,22,0.23%,6,4.1%,158,3.67,0,0,2,4,19,"Izuku Midoriya, On The Move",New Deck
134,Horrifying Realization,21,0.22%,7,4.8%,145,3.00,1,1,2,3,14,"anguirus, fierce dragon","Paul, I hope you're having a good time. I wish I was at the hotel, not only to hang out with you more, but also because our airbnb is completely unhinged. I had an anxiety attack when I did my first walkthrough. I may drive a"
135,Radiant Visage,21,0.22%,7,4.8%,147,3.00,1,0,4,2,7,"godzilla, titan of terror",Spicy ToT
136,Unarmed Noncombatant,21,0.22%,7,4.8%,146,3.00,0,1,5,1,17,nick ragan,Nick
137,Godzilla’s First Emergence,21,0.22%,6,4.1%,160,3.50,0,1,1,4,7,"godzilla, titan of terror",Spicy ToT
138,Thunder Spear Barrage,21,0.22%,6,4.1%,159,3.50,0,0,3,3,11,"pieck finger, panzer unit cartman // cart titan, finale",Wub De
139,Genkai's Guidance,20,0.21%,11,7.5%,93,1.82,5,4,1,1,8,"sasha blouse, food fanatic",Samwise
140,Wide Awake,20,0.21%,11,7.5%,94,1.82,5,4,1,1,9,Eddy Gordo,life changing thermal flame on a 5
141,Natural Cover,20,0.21%,7,4.8%,148,2.86,0,2,4,1,14,"anguirus, fierce dragon","Paul, I hope you're having a good time. I wish I was at the hotel, not only to hang out with you more, but also because our airbnb is completely unhinged. I had an anxiety attack when I did my first walkthrough. I may drive a"
142,Titanic Combat,20,0.21%,7,4.8%,149,2.86,1,1,3,2,3,"reiner braun, warrior // reiner, armored titan advancing",holy cr*p reiner is meta guys
143,Yeagerist Follower,20,0.21%,3,2.1%,229,6.67,0,0,1,2,21,"zeke yeager // zeke, beast titan",Zeke1 Dallas - Zach Richards
144,Nonagon,19,0.20%,12,8.2%,83,1.58,5,7,0,0,16,"king ghidorah, emperor of the cosmos",Not Fast But F
145,Godzilla vs Mechagodzilla,19,0.20%,11,7.5%,95,1.73,3,8,0,0,13,"mothra, divine moth",Gas Propellant
146,Don’t Do This,19,0.20%,6,4.1%,162,3.17,1,1,0,4,51,"mothra, divine moth",Headspins Tu
147,Forbidden Exorcism,19,0.20%,6,4.1%,161,3.17,0,1,3,2,45,Kazuya Mishima,Regional Kaz
148,Jet Haymaker,19,0.20%,6,4.1%,163,3.17,0,1,3,2,35,"donatello, the smart one",Uncreated Light
149,Disarming Glance,19,0.20%,5,3.4%,170,3.80,0,0,1,4,8,"sasha blouse, food fanatic",Samwise
150,Smashing Stomp,19,0.20%,5,3.4%,169,3.80,0,0,1,4,14,"anguirus, fierce dragon","Paul, I hope you're having a good time. I wish I was at the hotel, not only to hang out with you more, but also because our airbnb is completely unhinged. I had an anxiety attack when I did my first walkthrough. I may drive a"
151,Colossal Confrontation // Seeking Relief,18,0.19%,5,3.4%,175,3.60,0,1,0,4,23,Jack-8,Jackin' It
152,Evoking the Wielders,18,0.19%,5,3.4%,172,3.60,0,0,2,3,36,"izuku midoriya, deku",9th Wielder
153,Frightening Calm,18,0.19%,5,3.4%,174,3.60,0,0,2,3,27,"king ghidorah, three-headed monster",Keenang Ghidorah
154,Imprisoned,18,0.19%,5,3.4%,171,3.60,0,0,2,3,13,"mothra, divine moth",Gas Propellant
155,Mishima Bloodline,18,0.19%,5,3.4%,173,3.60,0,1,0,4,85,"king ghidorah, three-headed monster",Big King G
156,The King of Illyria,17,0.17%,9,6.2%,121,1.89,2,6,1,0,11,"pieck finger, panzer unit cartman // cart titan, finale",Wub De
157,Stockpiled Quirks,17,0.17%,8,5.5%,135,2.12,0,7,1,0,8,"sasha blouse, food fanatic",Samwise
158,"Genghis Frog, Temperamental Toad",17,0.17%,7,4.8%,150,2.43,0,4,3,0,10,pony tsunotori,New Deck
159,Impenetrable Defense,17,0.17%,7,4.8%,152,2.43,0,4,3,0,9,Eddy Gordo,life changing thermal flame on a 5
160,Twist Reality,17,0.17%,7,4.8%,151,2.43,2,1,3,1,47,Kazuya Mishima,New Deck
161,Good & Evil,16,0.16%,11,7.5%,96,1.45,6,5,0,0,16,"king ghidorah, emperor of the cosmos",Not Fast But F
162,Sacrifice for the Cause,16,0.16%,9,6.2%,122,1.78,2,7,0,0,2,Ymir,I've lied
163,Massive Mutant Machine,16,0.16%,7,4.8%,153,2.29,4,0,0,3,20,"godzilla, shin godzilla",New Deck
164,Referee Juri,16,0.16%,7,4.8%,154,2.29,2,3,0,2,18,"anguirus, fierce dragon",Angy
165,Defiant Stance,16,0.16%,5,3.4%,176,3.20,0,1,2,2,19,"Izuku Midoriya, On The Move",New Deck
166,Cold Fate,16,0.16%,4,2.7%,196,4.00,0,0,0,4,45,Kazuya Mishima,Regional Kaz
167,Fighter Jets,16,0.16%,4,2.7%,197,4.00,0,0,0,4,21,"zeke yeager // zeke, beast titan",Zeke1 Dallas - Zach Richards
168,Push the Advantage,16,0.16%,4,2.7%,195,4.00,0,0,0,4,10,pony tsunotori,New Deck
169,Steadfast Resolve,15,0.15%,7,4.8%,155,2.14,1,4,2,0,9,Eddy Gordo,life changing thermal flame on a 5
170,Close-Combat Tackle,15,0.15%,5,3.4%,177,3.00,0,1,3,1,16,"king ghidorah, emperor of the cosmos",Not Fast But F
171,Eighth Wielder,15,0.15%,5,3.4%,178,3.00,0,2,1,2,36,"izuku midoriya, deku",9th Wielder
172,Science Bros,15,0.15%,5,3.4%,179,3.00,0,1,3,1,17,nick ragan,Nick
173,Ravages of War,15,0.15%,4,2.7%,198,3.75,0,0,1,3,15,"godzilla, shin godzilla",Shin Death
174,Supersonic Flight,15,0.15%,4,2.7%,200,3.75,0,0,1,3,17,nick ragan,Nick
175,Too Big to Contain,15,0.15%,4,2.7%,199,3.75,0,0,1,3,15,"godzilla, shin godzilla",Shin Death
176,“An Embarrassment of Dooplers”,15,0.15%,1,0.7%,423,15.00,0,0,0,1,138,"izuku midoriya, deku",Deku
177,Cape of No Return,14,0.14%,9,6.2%,123,1.56,6,2,0,1,20,"godzilla, shin godzilla",New Deck
178,Anguirus Ball,14,0.14%,6,4.1%,164,2.33,0,5,0,1,7,"godzilla, titan of terror",Spicy ToT
179,G Corp CEO,14,0.14%,5,3.4%,180,2.80,0,2,2,1,47,Kazuya Mishima,New Deck
180,Female Titan Attacks! // The Female Titan,14,0.14%,4,2.7%,203,3.50,0,1,0,3,20,"godzilla, shin godzilla",New Deck
181,The Final Test,14,0.14%,4,2.7%,202,3.50,0,0,2,2,29,"pumat sol, magical proprietor",how did that get there
182,Wielding One For All,14,0.14%,4,2.7%,201,3.50,0,1,0,3,36,"izuku midoriya, deku",9th Wielder
183,"Cammy, Covert Chameleon",13,0.13%,11,7.5%,97,1.18,9,2,0,0,41,armored all might,Lock n' Load Atlanta 9/18/2026
184,Final Wars,13,0.13%,11,7.5%,98,1.18,9,2,0,0,3,"reiner braun, warrior // reiner, armored titan advancing",holy cr*p reiner is meta guys
185,Code Edits,13,0.13%,9,6.2%,124,1.44,5,4,0,0,35,"donatello, the smart one",Uncreated Light
186,End the Cycle,13,0.13%,6,4.1%,165,2.17,2,2,1,1,9,Eddy Gordo,life changing thermal flame on a 5
187,Second Wielder,13,0.13%,6,4.1%,166,2.17,1,3,2,0,2,Ymir,I've lied
188,Hard Rock Witch,13,0.13%,5,3.4%,182,2.60,0,3,1,1,35,"donatello, the smart one",Uncreated Light
189,Luna Tijeras,13,0.13%,5,3.4%,183,2.60,0,2,3,0,30,"mikasa ackerman, hizuru’s hope",You cannot get away with playing safe for this
190,Street Hero,13,0.13%,5,3.4%,181,2.60,0,3,1,1,52,"biollante, giant plant monster",Bearollant
191,Besiege,13,0.13%,4,2.7%,204,3.25,0,1,1,2,2,Ymir,I've lied
192,Chomp,13,0.13%,4,2.7%,205,3.25,0,1,1,2,15,"godzilla, shin godzilla",Shin Death
193,Armored Pro Hero,12,0.12%,6,4.1%,167,2.00,1,4,1,0,59,"izuku midoriya, deku",Atlanta Deku
194,Fully-Charged Blast,12,0.12%,5,3.4%,185,2.40,2,1,0,2,44,"mothra, giant moth monster",Go 4 Games Round 4 Local Championship Mark V Deck Submission
195,Radiant Pegasus Bomb,12,0.12%,5,3.4%,184,2.40,0,4,0,1,79,Alisa Bosconovitch,Alisa Bosconovitch Fast Midrange
196,Dimensional Sphere,12,0.12%,4,2.7%,208,3.00,0,1,2,1,3,"reiner braun, warrior // reiner, armored titan advancing",holy cr*p reiner is meta guys
197,Monsters of the Deep,12,0.12%,4,2.7%,210,3.00,0,1,2,1,15,"godzilla, shin godzilla",Shin Death
198,Standing Kick,12,0.12%,4,2.7%,207,3.00,0,0,4,0,11,"pieck finger, panzer unit cartman // cart titan, finale",Wub De
199,Thunderous Roar,12,0.12%,4,2.7%,211,3.00,0,2,0,2,7,"godzilla, titan of terror",Spicy ToT
200,True 100% Unleashed,12,0.12%,4,2.7%,206,3.00,0,2,0,2,1,"mikasa ackerman, hizuru’s hope",Mistress Of The Salmon Salt
201,Wrath of Godzilla,12,0.12%,4,2.7%,209,3.00,0,1,2,1,15,"godzilla, shin godzilla",Shin Death
202,A Promised Toast,12,0.12%,3,2.1%,232,4.00,0,0,0,3,17,nick ragan,Nick
203,Anchor Toss,12,0.12%,3,2.1%,236,4.00,0,0,0,3,30,"mikasa ackerman, hizuru’s hope",You cannot get away with playing safe for this
204,Destoroyah Emerges,12,0.12%,3,2.1%,234,4.00,0,0,0,3,15,"godzilla, shin godzilla",Shin Death
205,Ferocious Attacker,12,0.12%,3,2.1%,233,4.00,0,0,0,3,3,"reiner braun, warrior // reiner, armored titan advancing",holy cr*p reiner is meta guys
206,Hostile Introduction,12,0.12%,3,2.1%,231,4.00,0,0,0,3,3,"reiner braun, warrior // reiner, armored titan advancing",holy cr*p reiner is meta guys
207,The Big Fall,12,0.12%,3,2.1%,235,4.00,0,0,0,3,15,"godzilla, shin godzilla",Shin Death
208,Wish Hard,12,0.12%,3,2.1%,230,4.00,0,0,0,3,10,pony tsunotori,New Deck
209,Titanstone Knuckles,11,0.11%,10,6.8%,108,1.10,9,1,0,0,7,"godzilla, titan of terror",Spicy ToT
210,Devastate,11,0.11%,5,3.4%,186,2.20,0,4,1,0,47,Kazuya Mishima,New Deck
211,Aerial Kikosho,11,0.11%,4,2.7%,212,2.75,0,2,1,1,84,"mothra, divine moth",New Deck
212,Chivalrous Charge // Igris,11,0.11%,4,2.7%,213,2.75,0,2,1,1,28,"king ghidorah, three-headed monster",Ghidorah
213,Ecological Fighter,11,0.11%,4,2.7%,216,2.75,0,2,1,1,23,Jack-8,Jackin' It
214,Fight for Truth,11,0.11%,4,2.7%,215,2.75,1,0,2,1,18,"anguirus, fierce dragon",Angy
215,Grape Buckler,11,0.11%,4,2.7%,214,2.75,0,2,1,1,20,"godzilla, shin godzilla",New Deck
216,A Mother's Embrace,11,0.11%,3,2.1%,237,3.67,0,0,1,2,10,pony tsunotori,New Deck
217,Black Abyss,11,0.11%,3,2.1%,241,3.67,0,0,1,2,74,"all for one, demon lord",All for Momentum (v4 - Atlanta)
218,Clasp Membership,11,0.11%,3,2.1%,242,3.67,0,0,1,2,2,Ymir,I've lied
219,Curious about Quirks,11,0.11%,3,2.1%,238,3.67,0,0,1,2,53,"benimaru, shooting star",Regional Beni
220,Disrespectful Banter,11,0.11%,3,2.1%,243,3.67,0,0,1,2,15,"godzilla, shin godzilla",Shin Death
221,Golden Destruction,11,0.11%,3,2.1%,240,3.67,0,0,1,2,27,"king ghidorah, three-headed monster",Keenang Ghidorah
222,Pristine Swordplay,11,0.11%,3,2.1%,244,3.67,0,0,1,2,29,"pumat sol, magical proprietor",how did that get there
223,Shoulder Toss,11,0.11%,3,2.1%,239,3.67,0,0,1,2,6,"biollante, giant plant monster",Biollante
224,Destructive Form,10,0.10%,5,3.4%,187,2.00,1,3,1,0,79,Alisa Bosconovitch,Alisa Bosconovitch Fast Midrange
225,Patchwork Baby,10,0.10%,4,2.7%,219,2.50,0,3,0,1,16,"king ghidorah, emperor of the cosmos",Not Fast But F
226,Spirit Slash,10,0.10%,4,2.7%,218,2.50,0,3,0,1,48,armored all might,How Do You Know It’s Not Armadillo Shells
227,Thrash About,10,0.10%,4,2.7%,220,2.50,0,3,0,1,7,"godzilla, titan of terror",Spicy ToT
228,Tusktooth’s Crew,10,0.10%,4,2.7%,217,2.50,0,2,2,0,100,keyleth of the air ashari,Keyleth - Atlanta
229,Battle Suit HUD,10,0.10%,3,2.1%,259,3.33,0,1,0,2,43,armored all might,AAM
230,Brief Respite,10,0.10%,3,2.1%,249,3.33,0,1,0,2,2,Ymir,I've lied
231,Canister Creation Strike,10,0.10%,3,2.1%,251,3.33,0,0,2,1,49,byakko,byakko last chan
232,Defend the Innocent,10,0.10%,3,2.1%,252,3.33,0,1,0,2,19,"Izuku Midoriya, On The Move",New Deck
233,Display of Might,10,0.10%,3,2.1%,253,3.33,0,1,0,2,15,"godzilla, shin godzilla",Shin Death
234,Fleeing Danger,10,0.10%,3,2.1%,255,3.33,0,0,2,1,9,Eddy Gordo,life changing thermal flame on a 5
235,Gamma System,10,0.10%,3,2.1%,256,3.33,0,0,2,1,23,Jack-8,Jackin' It
236,Growing Unease,10,0.10%,3,2.1%,247,3.33,0,0,2,1,54,Jack-8,Bulk
237,Inspired Design,10,0.10%,3,2.1%,257,3.33,0,0,2,1,30,"mikasa ackerman, hizuru’s hope",You cannot get away with playing safe for this
238,Jaw Titan Attacks! // The Jaw Titan,10,0.10%,3,2.1%,254,3.33,0,1,0,2,15,"godzilla, shin godzilla",Shin Death
239,Loot Box,10,0.10%,3,2.1%,246,3.33,0,0,2,1,79,Alisa Bosconovitch,Alisa Bosconovitch Fast Midrange
240,Mikasa’s Fatal Cleave,10,0.10%,3,2.1%,250,3.33,0,1,0,2,32,"king ghidorah, three-headed monster",ATL
241,Readied Shot,10,0.10%,3,2.1%,258,3.33,0,0,2,1,8,"sasha blouse, food fanatic",Samwise
242,The Greater Goal,10,0.10%,3,2.1%,248,3.33,0,1,0,2,11,"pieck finger, panzer unit cartman // cart titan, finale",Wub De
243,The Ripper Arrives,10,0.10%,3,2.1%,245,3.33,0,1,0,2,28,"king ghidorah, three-headed monster",Ghidorah
244,Masho Concealment,9,0.09%,9,6.2%,125,1.00,9,0,0,0,2,Ymir,I've lied
245,Tattered Costume,9,0.09%,6,4.1%,168,1.50,3,3,0,0,19,"Izuku Midoriya, On The Move",New Deck
246,Invincible Body,9,0.09%,5,3.4%,188,1.80,1,4,0,0,28,"king ghidorah, three-headed monster",Ghidorah
247,Arrogant Fighter,9,0.09%,4,2.7%,221,2.25,0,3,1,0,1,"mikasa ackerman, hizuru’s hope",Mistress Of The Salmon Salt
248,Big Fist Bash,9,0.09%,4,2.7%,224,2.25,2,0,1,1,13,"mothra, divine moth",Gas Propellant
249,Driven by Retribution,9,0.09%,4,2.7%,223,2.25,1,2,0,1,17,nick ragan,Nick
250,Dust Attack,9,0.09%,4,2.7%,222,2.25,0,3,1,0,1,"mikasa ackerman, hizuru’s hope",Mistress Of The Salmon Salt
251,At the Ready,9,0.09%,3,2.1%,263,3.00,0,0,3,0,28,"king ghidorah, three-headed monster",Ghidorah
252,City Rampage,9,0.09%,3,2.1%,260,3.00,0,1,1,1,105,krista lenz,Raw
253,Colossus's Thermal Blast,9,0.09%,3,2.1%,265,3.00,0,1,1,1,23,Jack-8,Jackin' It
254,Fukyo,9,0.09%,3,2.1%,264,3.00,0,0,3,0,69,nagoriyuki,"157,369,482 Thunder Spears"
255,High Guard,9,0.09%,3,2.1%,261,3.00,0,1,1,1,107,lady kima of vord,Machine Gun Kima
256,Short-Lived Promotion,9,0.09%,3,2.1%,266,3.00,1,0,0,2,3,"reiner braun, warrior // reiner, armored titan advancing",holy cr*p reiner is meta guys
257,Strategy Meeting,9,0.09%,3,2.1%,262,3.00,0,1,1,1,21,"zeke yeager // zeke, beast titan",Zeke1 Dallas - Zach Richards
258,Evil Aura,8,0.08%,5,3.4%,189,1.60,3,1,1,0,27,"king ghidorah, three-headed monster",Keenang Ghidorah
259,Gigantification Swing,8,0.08%,5,3.4%,190,1.60,2,3,0,0,13,"mothra, divine moth",Gas Propellant
260,Yelena,8,0.08%,5,3.4%,191,1.60,3,1,1,0,23,Jack-8,Jackin' It
261,Frenemies,8,0.08%,4,2.7%,225,2.00,0,4,0,0,20,"godzilla, shin godzilla",New Deck
262,Descent into Subconscious,8,0.08%,3,2.1%,271,2.67,1,0,1,1,32,"king ghidorah, three-headed monster",ATL
263,Double Spirit Blast,8,0.08%,3,2.1%,272,2.67,0,1,2,0,43,armored all might,AAM
264,Fa Jin Flurry,8,0.08%,3,2.1%,269,2.67,0,1,2,0,19,"Izuku Midoriya, On The Move",New Deck
265,Fruit Tart Gourmand,8,0.08%,3,2.1%,268,2.67,1,0,1,1,75,armored all might,AAM
266,Gear Shift,8,0.08%,3,2.1%,270,2.67,0,2,0,1,59,"izuku midoriya, deku",Atlanta Deku
267,Rolling Movement,8,0.08%,3,2.1%,273,2.67,0,1,2,0,6,"biollante, giant plant monster",Biollante
268,The Ackermans Team Up,8,0.08%,3,2.1%,267,2.67,0,2,0,1,65,mikasa ackerman,"Unless I fight, I cannot win"
269,Funky Breath,8,0.08%,2,1.4%,305,4.00,0,0,0,2,7,"godzilla, titan of terror",Spicy ToT
270,Heaven-Piercing Ice Wall,8,0.08%,2,1.4%,295,4.00,0,0,0,2,39,mitchell cimino,This guy is cool
271,Investigating Verse,8,0.08%,2,1.4%,296,4.00,0,0,0,2,63,"isla, dreaming brilliance",New Deck
272,Lightning Rod,8,0.08%,2,1.4%,301,4.00,0,0,0,2,33,"mikasa ackerman, hizuru’s hope",New Deck
273,Massive Size,8,0.08%,2,1.4%,303,4.00,0,0,0,2,49,byakko,byakko last chan
274,Prideless Negotiations,8,0.08%,2,1.4%,298,4.00,0,0,0,2,17,nick ragan,Nick
275,Pull from Danger,8,0.08%,2,1.4%,293,4.00,0,0,0,2,98,"grog strongjaw, mighty half-giant",Grog \| Death
276,Relentless Challenger,8,0.08%,2,1.4%,297,4.00,0,0,0,2,16,"king ghidorah, emperor of the cosmos",Not Fast But F
277,Risky Gamble,8,0.08%,2,1.4%,294,4.00,0,0,0,2,11,"pieck finger, panzer unit cartman // cart titan, finale",Wub De
278,Sniping Spy,8,0.08%,2,1.4%,302,4.00,0,0,0,2,33,"mikasa ackerman, hizuru’s hope",New Deck
279,"Survey Corps, Hope of Paradis",8,0.08%,2,1.4%,292,4.00,0,0,0,2,1,"mikasa ackerman, hizuru’s hope",Mistress Of The Salmon Salt
280,Swallowed by an Abnormal,8,0.08%,2,1.4%,300,4.00,0,0,0,2,25,"godzilla, shin godzilla",Shinny sh
281,The Beast Titan's Rock Barrage,8,0.08%,2,1.4%,299,4.00,0,0,0,2,21,"zeke yeager // zeke, beast titan",Zeke1 Dallas - Zach Richards
282,White Angel of Death,8,0.08%,2,1.4%,304,4.00,0,0,0,2,49,byakko,byakko last chan
283,Armor of the Wolf,7,0.07%,3,2.1%,274,2.33,1,0,2,0,74,"all for one, demon lord",All for Momentum (v4 - Atlanta)
284,Final Words,7,0.07%,3,2.1%,276,2.33,0,2,1,0,15,"godzilla, shin godzilla",Shin Death
285,Pale Rider,7,0.07%,3,2.1%,275,2.33,0,2,1,0,41,armored all might,Lock n' Load Atlanta 9/18/2026
286,Air Force Engage,7,0.07%,2,1.4%,323,3.50,0,0,1,1,65,mikasa ackerman,"Unless I fight, I cannot win"
287,Cheerful Teen,7,0.07%,2,1.4%,321,3.50,0,0,1,1,6,"biollante, giant plant monster",Biollante
288,Dorian's Lute,7,0.07%,2,1.4%,312,3.50,0,0,1,1,88,"dorian storm, charming minstrel",LuteBound
289,Hold on Tight,7,0.07%,2,1.4%,322,3.50,0,0,1,1,65,mikasa ackerman,"Unless I fight, I cannot win"
290,Juggling Groceries,7,0.07%,2,1.4%,315,3.50,0,0,1,1,35,"donatello, the smart one",Uncreated Light
291,Lethal Slash,7,0.07%,2,1.4%,306,3.50,0,0,1,1,10,pony tsunotori,New Deck
292,Let’s Rock!,7,0.07%,2,1.4%,308,3.50,0,0,1,1,8,"sasha blouse, food fanatic",Samwise
293,Levi's Relentless Spirit,7,0.07%,2,1.4%,316,3.50,0,0,1,1,66,mikasa ackerman,Big potato 🥔  stuff....
294,Making Preparations,7,0.07%,2,1.4%,311,3.50,0,0,1,1,84,"mothra, divine moth",New Deck
295,Martial Knowledge,7,0.07%,2,1.4%,317,3.50,0,0,1,1,69,nagoriyuki,"157,369,482 Thunder Spears"
296,Mikasa's Admission,7,0.07%,2,1.4%,307,3.50,0,0,1,1,65,mikasa ackerman,"Unless I fight, I cannot win"
297,Political Strife,7,0.07%,2,1.4%,319,3.50,0,0,1,1,21,"zeke yeager // zeke, beast titan",Zeke1 Dallas - Zach Richards
298,Ride the Lightning,7,0.07%,2,1.4%,313,3.50,0,0,1,1,66,mikasa ackerman,Big potato 🥔  stuff....
299,Scare Tactics,7,0.07%,2,1.4%,310,3.50,0,0,1,1,120,happy chaos,Season 4 Local Championship DOUBLE HEADER - Saturday Peyton N Deck Submission
300,Settling Old Debts,7,0.07%,2,1.4%,318,3.50,0,0,1,1,17,nick ragan,Nick
301,Shin Godzilla Arrives,7,0.07%,2,1.4%,309,3.50,0,0,1,1,55,"biollante, giant plant monster",Audrey II
302,Storm Bringer,7,0.07%,2,1.4%,314,3.50,0,0,1,1,6,"biollante, giant plant monster",Biollante
303,Swooping In,7,0.07%,2,1.4%,324,3.50,0,0,1,1,68,byakko,Mental Load Reduxtion (this one because ugn keeps creating unsolicited copies)
304,Terraforming Cannon,7,0.07%,2,1.4%,320,3.50,0,0,1,1,23,Jack-8,Jackin' It
305,Idun Box,6,0.06%,5,3.4%,192,1.20,4,1,0,0,6,"biollante, giant plant monster",Biollante
306,Nott's Flask,6,0.06%,5,3.4%,194,1.20,4,1,0,0,3,"reiner braun, warrior // reiner, armored titan advancing",holy cr*p reiner is meta guys
307,Yeetus Deletus,6,0.06%,5,3.4%,193,1.20,4,1,0,0,9,Eddy Gordo,life changing thermal flame on a 5
308,Shutdown,6,0.06%,4,2.7%,226,1.50,3,0,1,0,19,"Izuku Midoriya, On The Move",New Deck
309,"Ray Fillet, Singing Stingray",6,0.06%,3,2.1%,278,2.00,0,3,0,0,52,"biollante, giant plant monster",Bearollant
310,Seventh Wielder: Float,6,0.06%,3,2.1%,279,2.00,0,3,0,0,36,"izuku midoriya, deku",9th Wielder
311,The Ambition of Erwin Smith,6,0.06%,3,2.1%,277,2.00,0,3,0,0,11,"pieck finger, panzer unit cartman // cart titan, finale",Wub De
312,80% Power,6,0.06%,2,1.4%,326,3.00,0,1,0,1,17,nick ragan,Nick
313,A Night’s Rest,6,0.06%,2,1.4%,331,3.00,0,1,0,1,22,"zeke yeager // zeke, beast titan",Yeke Zeager
314,Above the City,6,0.06%,2,1.4%,343,3.00,0,1,0,1,17,nick ragan,Nick
315,Armored Titan Attacks! // The Armored Titan,6,0.06%,2,1.4%,349,3.00,0,1,0,1,20,"godzilla, shin godzilla",New Deck
316,Attitude Selector,6,0.06%,2,1.4%,339,3.00,0,1,0,1,16,"king ghidorah, emperor of the cosmos",Not Fast But F
317,"Bear Bite // Tank, Shadow Bear",6,0.06%,2,1.4%,332,3.00,0,1,0,1,98,"grog strongjaw, mighty half-giant",Grog \| Death
318,Beta Blade,6,0.06%,2,1.4%,330,3.00,0,1,0,1,64,"mikasa ackerman, hizuru’s hope",M4 Atlanta
319,Catching Air,6,0.06%,2,1.4%,347,3.00,0,0,2,0,19,"Izuku Midoriya, On The Move",New Deck
320,Cold-Blooded Oppressor,6,0.06%,2,1.4%,357,3.00,0,1,0,1,70,Kazuya Mishima,New Deck
321,Colossus Titan Attacks! // The Colossus Titan,6,0.06%,2,1.4%,355,3.00,0,1,0,1,44,"mothra, giant moth monster",Go 4 Games Round 4 Local Championship Mark V Deck Submission
322,Crossing Enemy Lines,6,0.06%,2,1.4%,354,3.00,0,1,0,1,34,"mikasa ackerman, hizuru’s hope",M4
323,Determined Advance,6,0.06%,2,1.4%,328,3.00,0,1,0,1,8,"sasha blouse, food fanatic",Samwise
324,Drips,6,0.06%,2,1.4%,333,3.00,0,1,0,1,73,"godzilla, shin godzilla",Shin Godzilla
325,Fist of the Ages,6,0.06%,2,1.4%,327,3.00,0,0,2,0,102,"bertolt hoover, living weapon // bertolt, colossus titan advancing",R4 Regional Main Event Michael R Deck Submission
326,Focused Prism Beams,6,0.06%,2,1.4%,338,3.00,0,0,2,0,29,"pumat sol, magical proprietor",how did that get there
327,Hang Ten,6,0.06%,2,1.4%,342,3.00,0,1,0,1,56,"pumat sol, magical proprietor",New Deck
328,Harness Undeath,6,0.06%,2,1.4%,334,3.00,0,0,2,0,21,"zeke yeager // zeke, beast titan",Zeke1 Dallas - Zach Richards
329,Hitch Dreyse,6,0.06%,2,1.4%,350,3.00,0,0,2,0,21,"zeke yeager // zeke, beast titan",Zeke1 Dallas - Zach Richards
330,Hold ’Em Down,6,0.06%,2,1.4%,325,3.00,0,0,2,0,101,"grog strongjaw, mighty half-giant",Strongjaw Steve Austin
331,Imprisoned Noble,6,0.06%,2,1.4%,344,3.00,0,1,0,1,17,nick ragan,Nick
332,Invite Hell,6,0.06%,2,1.4%,340,3.00,0,0,2,0,58,"izuku midoriya, on the move // izuku midoriya, quirks unleashed",Deku Out
333,Knockdown Blow,6,0.06%,2,1.4%,346,3.00,0,0,2,0,15,"godzilla, shin godzilla",Shin Death
334,Loyalty of a Friend,6,0.06%,2,1.4%,351,3.00,0,0,2,0,21,"zeke yeager // zeke, beast titan",Zeke1 Dallas - Zach Richards
335,Phantom Singulation,6,0.06%,2,1.4%,335,3.00,0,1,0,1,117,armored all might,Budget Iron Might
336,Redirecting Push,6,0.06%,2,1.4%,337,3.00,0,0,2,0,27,"king ghidorah, three-headed monster",Keenang Ghidorah
337,Snakeshot,6,0.06%,2,1.4%,345,3.00,0,1,0,1,89,Reina,Rayr
338,Soup,6,0.06%,2,1.4%,358,3.00,0,1,0,1,8,"sasha blouse, food fanatic",Samwise
339,The Dark Tournament Looms,6,0.06%,2,1.4%,348,3.00,0,1,0,1,2,Ymir,I've lied
340,Thermal Flame,6,0.06%,2,1.4%,329,3.00,0,1,0,1,9,Eddy Gordo,life changing thermal flame on a 5
341,Titans under Orders,6,0.06%,2,1.4%,352,3.00,0,0,2,0,21,"zeke yeager // zeke, beast titan",Zeke1 Dallas - Zach Richards
342,Totally Not Jealous,6,0.06%,2,1.4%,341,3.00,0,0,2,0,23,Jack-8,Jackin' It
343,Twirling Onslaught,6,0.06%,2,1.4%,356,3.00,0,0,2,0,65,mikasa ackerman,"Unless I fight, I cannot win"
344,Walking Fortress,6,0.06%,2,1.4%,336,3.00,0,1,0,1,44,"mothra, giant moth monster",Go 4 Games Round 4 Local Championship Mark V Deck Submission
345,Weapon at the Ready,6,0.06%,2,1.4%,353,3.00,0,1,0,1,29,"pumat sol, magical proprietor",how did that get there
346,Anti-Titan Artillery,5,0.05%,3,2.1%,282,1.67,1,2,0,0,11,"pieck finger, panzer unit cartman // cart titan, finale",Wub De
347,Defeating the Colossus Titan,5,0.05%,3,2.1%,281,1.67,1,2,0,0,2,Ymir,I've lied
348,Doty the Automaton,5,0.05%,3,2.1%,283,1.67,1,2,0,0,56,"pumat sol, magical proprietor",New Deck
349,Luna Ring,5,0.05%,3,2.1%,280,1.67,1,2,0,0,1,"mikasa ackerman, hizuru’s hope",Mistress Of The Salmon Salt
350,Spirit Sword Ultimate,5,0.05%,3,2.1%,284,1.67,1,2,0,0,7,"godzilla, titan of terror",Spicy ToT
351,Toguro's Dominance,5,0.05%,3,2.1%,285,1.67,1,2,0,0,15,"godzilla, shin godzilla",Shin Death
352,Acid Screen,5,0.05%,2,1.4%,380,2.50,0,1,1,0,6,"biollante, giant plant monster",Biollante
353,Benevolent Kaiju,5,0.05%,2,1.4%,376,2.50,0,1,1,0,44,"mothra, giant moth monster",Go 4 Games Round 4 Local Championship Mark V Deck Submission
354,Built for Battle,5,0.05%,2,1.4%,369,2.50,0,1,1,0,57,"king ghidorah, three-headed monster",meta riding
355,Calling from the Shadow,5,0.05%,2,1.4%,372,2.50,1,0,0,1,8,"sasha blouse, food fanatic",Samwise
356,Coming to Terms,5,0.05%,2,1.4%,363,2.50,0,1,1,0,32,"king ghidorah, three-headed monster",ATL
357,Devil’s Domination,5,0.05%,2,1.4%,366,2.50,0,1,1,0,60,Kazuya Mishima,the devil you know
358,Dragon’s Fortitude,5,0.05%,2,1.4%,360,2.50,0,1,1,0,39,mitchell cimino,This guy is cool
359,Dual Handguns,5,0.05%,2,1.4%,365,2.50,1,0,0,1,66,mikasa ackerman,Big potato 🥔  stuff....
360,Elvish Tutoring,5,0.05%,2,1.4%,359,2.50,0,1,1,0,100,keyleth of the air ashari,Keyleth - Atlanta
361,Enormous Axe,5,0.05%,2,1.4%,362,2.50,1,0,0,1,99,armored all might,Armored Abyss
362,Extra Cheese,5,0.05%,2,1.4%,375,2.50,0,1,1,0,127,Alisa Bosconovitch,Regional Alisa
363,Falling Debris,5,0.05%,2,1.4%,383,2.50,0,1,1,0,53,"benimaru, shooting star",Regional Beni
364,Fearsome Durability,5,0.05%,2,1.4%,377,2.50,0,1,1,0,80,"anguirus, fierce dragon",Catch This
365,Fillet Fling,5,0.05%,2,1.4%,381,2.50,1,0,0,1,52,"biollante, giant plant monster",Bearollant
366,Following Orders,5,0.05%,2,1.4%,368,2.50,1,0,0,1,69,nagoriyuki,"157,369,482 Thunder Spears"
367,Horseback Charge,5,0.05%,2,1.4%,367,2.50,0,1,1,0,82,"mikasa ackerman, hizuru’s hope",Horsebbq
368,Military Tactics,5,0.05%,2,1.4%,384,2.50,0,1,1,0,61,"armin arlert, brilliant mind",Rarmin Hammer Baking Soda
369,Potato,5,0.05%,2,1.4%,370,2.50,0,1,1,0,8,"sasha blouse, food fanatic",Samwise
370,Potemkin Buster,5,0.05%,2,1.4%,373,2.50,0,1,1,0,122,"biollante, giant plant monster",Erika Shiragami
371,Ready to Sortie,5,0.05%,2,1.4%,379,2.50,0,1,1,0,63,"isla, dreaming brilliance",New Deck
372,Roar of the Kaiju,5,0.05%,2,1.4%,371,2.50,0,1,1,0,80,"anguirus, fierce dragon",Catch This
373,Steaming Sphere's Power,5,0.05%,2,1.4%,374,2.50,0,1,1,0,74,"all for one, demon lord",All for Momentum (v4 - Atlanta)
374,Trace Eyes,5,0.05%,2,1.4%,361,2.50,0,1,1,0,102,"bertolt hoover, living weapon // bertolt, colossus titan advancing",R4 Regional Main Event Michael R Deck Submission
375,Unabashed Manner,5,0.05%,2,1.4%,364,2.50,0,1,1,0,95,mirko,Crash Out #17
376,Unexpected Outcomes,5,0.05%,2,1.4%,382,2.50,0,1,1,0,44,"mothra, giant moth monster",Go 4 Games Round 4 Local Championship Mark V Deck Submission
377,Wild Style,5,0.05%,2,1.4%,378,2.50,0,1,1,0,63,"isla, dreaming brilliance",New Deck
378,Electric Wind God Fist,4,0.04%,4,2.7%,227,1.00,4,0,0,0,8,"sasha blouse, food fanatic",Samwise
379,The Power of Love,4,0.04%,4,2.7%,228,1.00,4,0,0,0,36,"izuku midoriya, deku",9th Wielder
380,"Dwueth'var, The Star Razor",4,0.04%,3,2.1%,289,1.33,2,1,0,0,35,"donatello, the smart one",Uncreated Light
381,Gun Flame Feint,4,0.04%,3,2.1%,288,1.33,2,1,0,0,3,"reiner braun, warrior // reiner, armored titan advancing",holy cr*p reiner is meta guys
382,Hertz Blade - Diablo,4,0.04%,3,2.1%,287,1.33,2,1,0,0,79,Alisa Bosconovitch,Alisa Bosconovitch Fast Midrange
383,Massive Optimal Punch,4,0.04%,3,2.1%,286,1.33,2,1,0,0,45,Kazuya Mishima,Regional Kaz
384,Best Buddies,4,0.04%,2,1.4%,398,2.00,0,2,0,0,2,Ymir,I've lied
385,Cabal’s Ruin,4,0.04%,2,1.4%,386,2.00,0,2,0,0,35,"donatello, the smart one",Uncreated Light
386,Can’t Escape Me,4,0.04%,2,1.4%,403,2.00,0,2,0,0,39,mitchell cimino,This guy is cool
387,Countermeasure,4,0.04%,2,1.4%,389,2.00,0,2,0,0,62,"pumat sol, magical proprietor",Eriatarkus
388,Dedicate Your Heart,4,0.04%,2,1.4%,387,2.00,0,2,0,0,13,"mothra, divine moth",Gas Propellant
389,Dramatic Exit,4,0.04%,2,1.4%,399,2.00,0,2,0,0,21,"zeke yeager // zeke, beast titan",Zeke1 Dallas - Zach Richards
390,Dream About Fighting,4,0.04%,2,1.4%,404,2.00,0,2,0,0,40,Lars Alexandersson,Larson
391,Frantic Rescue,4,0.04%,2,1.4%,400,2.00,0,2,0,0,21,"zeke yeager // zeke, beast titan",Zeke1 Dallas - Zach Richards
392,Genkai's Training,4,0.04%,2,1.4%,388,2.00,0,2,0,0,28,"king ghidorah, three-headed monster",Ghidorah
393,Marco's Potential,4,0.04%,2,1.4%,385,2.00,1,0,1,0,1,"mikasa ackerman, hizuru’s hope",Mistress Of The Salmon Salt
394,Mighty Blitz,4,0.04%,2,1.4%,393,2.00,1,0,1,0,124,Alisa Bosconovitch,Alisa LC
395,No Tact,4,0.04%,2,1.4%,396,2.00,0,2,0,0,98,"grog strongjaw, mighty half-giant",Grog \| Death
396,Onyankopon,4,0.04%,2,1.4%,401,2.00,0,2,0,0,21,"zeke yeager // zeke, beast titan",Zeke1 Dallas - Zach Richards
397,Persistent Malice,4,0.04%,2,1.4%,394,2.00,0,2,0,0,74,"all for one, demon lord",All for Momentum (v4 - Atlanta)
398,Pressured By All For One,4,0.04%,2,1.4%,390,2.00,0,2,0,0,86,"rodan, giant monster of the sky",I'll give this god damn bird a go
399,Refreshing Blend,4,0.04%,2,1.4%,405,2.00,1,0,1,0,44,"mothra, giant moth monster",Go 4 Games Round 4 Local Championship Mark V Deck Submission
400,Shared Memories,4,0.04%,2,1.4%,406,2.00,0,2,0,0,49,byakko,byakko last chan
401,Team Rival XV,4,0.04%,2,1.4%,397,2.00,0,2,0,0,63,"isla, dreaming brilliance",New Deck
402,Trailokya Pilgrimage,4,0.04%,2,1.4%,395,2.00,0,2,0,0,35,"donatello, the smart one",Uncreated Light
403,United in Battle,4,0.04%,2,1.4%,392,2.00,0,2,0,0,118,Lars Alexandersson,G-Lars
404,Warped Intentions,4,0.04%,2,1.4%,391,2.00,0,2,0,0,117,armored all might,Budget Iron Might
405,Young Warrior Candidates,4,0.04%,2,1.4%,402,2.00,0,2,0,0,25,"godzilla, shin godzilla",Shinny sh
406,Acrobatic Style,4,0.04%,1,0.7%,475,4.00,0,0,0,1,39,mitchell cimino,This guy is cool
407,Aerial Reinforcement,4,0.04%,1,0.7%,501,4.00,0,0,0,1,91,"rodan, fire rodan",Fire Rodan
408,Anti-Titan Tactics,4,0.04%,1,0.7%,454,4.00,0,0,0,1,137,"mikasa ackerman, hizuru’s hope",Atl reg
409,Antidepressant Scale,4,0.04%,1,0.7%,459,4.00,0,0,0,1,141,i-no,I-no u-no
410,Arisugawa Sparkle,4,0.04%,1,0.7%,494,4.00,0,0,0,1,78,"godzilla, king of the monsters",Godzilla - TS
411,Beast Summoning,4,0.04%,1,0.7%,479,4.00,0,0,0,1,49,byakko,byakko last chan
412,Beta Shift,4,0.04%,1,0.7%,436,4.00,0,0,0,1,111,"sung jinwoo, e rank hunter",Sung Jinwo
413,Big Freakin' Explosion,4,0.04%,1,0.7%,443,4.00,0,0,0,1,120,happy chaos,Season 4 Local Championship DOUBLE HEADER - Saturday Peyton N Deck Submission
414,Biting Dagger,4,0.04%,1,0.7%,460,4.00,0,0,0,1,141,i-no,I-no u-no
415,Blasting Off,4,0.04%,1,0.7%,448,4.00,0,0,0,1,129,paul phoenix,Dek
416,Blizzard Rush,4,0.04%,1,0.7%,427,4.00,0,0,0,1,101,"grog strongjaw, mighty half-giant",Strongjaw Steve Austin
417,Blueflame Surge,4,0.04%,1,0.7%,444,4.00,0,0,0,1,120,happy chaos,Season 4 Local Championship DOUBLE HEADER - Saturday Peyton N Deck Submission
418,Brotherly Love,4,0.04%,1,0.7%,474,4.00,0,0,0,1,35,"donatello, the smart one",Uncreated Light
419,Cellophane Sugarman Shoot Style Smash,4,0.04%,1,0.7%,458,4.00,0,0,0,1,140,armored all might,Armored Good Might
420,Combined Perfect Form,4,0.04%,1,0.7%,507,4.00,0,0,0,1,98,"grog strongjaw, mighty half-giant",Grog \| Death
421,Confidence,4,0.04%,1,0.7%,452,4.00,0,0,0,1,136,"dorian storm, charming minstrel",Dorian Standard
422,Corona Beam,4,0.04%,1,0.7%,483,4.00,0,0,0,1,67,"spacegodzilla, bio-quartz monster",Go! Go! Goutzilla!
423,Crisis of Confidence,4,0.04%,1,0.7%,476,4.00,0,0,0,1,39,mitchell cimino,This guy is cool
424,Death From Above,4,0.04%,1,0.7%,465,4.00,0,0,0,1,17,nick ragan,Nick
425,Death Rattle,4,0.04%,1,0.7%,437,4.00,0,0,0,1,111,"sung jinwoo, e rank hunter",Sung Jinwo
426,Death by Degrees,4,0.04%,1,0.7%,430,4.00,0,0,0,1,104,Nina Williams,Nina
427,Destructive Fire,4,0.04%,1,0.7%,486,4.00,0,0,0,1,73,"godzilla, shin godzilla",Shin Godzilla
428,Deus Ex Machina,4,0.04%,1,0.7%,445,4.00,0,0,0,1,120,happy chaos,Season 4 Local Championship DOUBLE HEADER - Saturday Peyton N Deck Submission
429,Double Dungeon,4,0.04%,1,0.7%,438,4.00,0,0,0,1,111,"sung jinwoo, e rank hunter",Sung Jinwo
430,Enough Talk,4,0.04%,1,0.7%,503,4.00,0,0,0,1,95,mirko,Crash Out #17
431,Eren's Trial,4,0.04%,1,0.7%,450,4.00,0,0,0,1,129,paul phoenix,Dek
432,Evasive Maneuver,4,0.04%,1,0.7%,425,4.00,0,0,0,1,100,keyleth of the air ashari,Keyleth - Atlanta
433,Evil Gaze,4,0.04%,1,0.7%,487,4.00,0,0,0,1,73,"godzilla, shin godzilla",Shin Godzilla
434,Exploit Weakness,4,0.04%,1,0.7%,431,4.00,0,0,0,1,104,Nina Williams,Nina
435,Fiery Stare,4,0.04%,1,0.7%,504,4.00,0,0,0,1,95,mirko,Crash Out #17
436,Flying Drill,4,0.04%,1,0.7%,505,4.00,0,0,0,1,95,mirko,Crash Out #17
437,Forceful Negotiator,4,0.04%,1,0.7%,477,4.00,0,0,0,1,39,mitchell cimino,This guy is cool
438,Full Cowling Impact,4,0.04%,1,0.7%,488,4.00,0,0,0,1,73,"godzilla, shin godzilla",Shin Godzilla
439,Giant Swing,4,0.04%,1,0.7%,456,4.00,0,0,0,1,139,King,New Deck
440,Graffiti Artist,4,0.04%,1,0.7%,461,4.00,0,0,0,1,141,i-no,I-no u-no
441,Grinding Overtime // High-Orc Soldier,4,0.04%,1,0.7%,439,4.00,0,0,0,1,111,"sung jinwoo, e rank hunter",Sung Jinwo
442,Growing Up Fighting,4,0.04%,1,0.7%,462,4.00,0,0,0,1,142,"izuku midoriya, deku",R4 Regional Main Event Perry S Deck Submission
443,Holding Out Hope,4,0.04%,1,0.7%,482,4.00,0,0,0,1,61,"armin arlert, brilliant mind",Rarmin Hammer Baking Soda
444,Humanity Fights On,4,0.04%,1,0.7%,435,4.00,0,0,0,1,107,lady kima of vord,Machine Gun Kima
445,I Would Like to Rage!,4,0.04%,1,0.7%,508,4.00,0,0,0,1,99,armored all might,Armored Abyss
446,Improving Skills,4,0.04%,1,0.7%,440,4.00,0,0,0,1,111,"sung jinwoo, e rank hunter",Sung Jinwo
447,Jealous Homunculus,4,0.04%,1,0.7%,446,4.00,0,0,0,1,120,happy chaos,Season 4 Local Championship DOUBLE HEADER - Saturday Peyton N Deck Submission
448,Jin's Parry,4,0.04%,1,0.7%,432,4.00,0,0,0,1,104,Nina Williams,Nina
449,Killing Intent,4,0.04%,1,0.7%,455,4.00,0,0,0,1,137,"mikasa ackerman, hizuru’s hope",Atl reg
450,Kindhearted,4,0.04%,1,0.7%,442,4.00,0,0,0,1,118,Lars Alexandersson,G-Lars
451,Loop the Loop,4,0.04%,1,0.7%,480,4.00,0,0,0,1,52,"biollante, giant plant monster",Bearollant
452,Master of Drunken Fighting,4,0.04%,1,0.7%,449,4.00,0,0,0,1,129,paul phoenix,Dek
453,Mecha Bombardment,4,0.04%,1,0.7%,485,4.00,0,0,0,1,70,Kazuya Mishima,New Deck
454,Multiple Bites,4,0.04%,1,0.7%,466,4.00,0,0,0,1,17,nick ragan,Nick
455,Murderous Escalation,4,0.04%,1,0.7%,457,4.00,0,0,0,1,139,King,New Deck
456,One For All Full Cowling 45% Impact Detroit Smash,4,0.04%,1,0.7%,495,4.00,0,0,0,1,78,"godzilla, king of the monsters",Godzilla - TS
457,Piercing Thorn Lances,4,0.04%,1,0.7%,509,4.00,0,0,0,1,99,armored all might,Armored Abyss
458,Prank War,4,0.04%,1,0.7%,489,4.00,0,0,0,1,73,"godzilla, shin godzilla",Shin Godzilla
459,Queen of Compassion,4,0.04%,1,0.7%,467,4.00,0,0,0,1,17,nick ragan,Nick
460,Rapid Speed Slash,4,0.04%,1,0.7%,498,4.00,0,0,0,1,8,"sasha blouse, food fanatic",Samwise
461,"Ready, Get Set, GO!",4,0.04%,1,0.7%,478,4.00,0,0,0,1,44,"mothra, giant moth monster",Go 4 Games Round 4 Local Championship Mark V Deck Submission
462,Reckless Combat,4,0.04%,1,0.7%,469,4.00,0,0,0,1,2,Ymir,I've lied
463,Secret Family Technique,4,0.04%,1,0.7%,451,4.00,0,0,0,1,135,Reina,Im smoking pack so pressure im rolling up coal and exhaling diamonds
464,Sepultura,4,0.04%,1,0.7%,496,4.00,0,0,0,1,78,"godzilla, king of the monsters",Godzilla - TS
465,Set the Record Straight,4,0.04%,1,0.7%,428,4.00,0,0,0,1,101,"grog strongjaw, mighty half-giant",Strongjaw Steve Austin
466,Shadow Sorcery // Shadow Mage,4,0.04%,1,0.7%,441,4.00,0,0,0,1,111,"sung jinwoo, e rank hunter",Sung Jinwo
467,Shameless Haggler,4,0.04%,1,0.7%,481,4.00,0,0,0,1,55,"biollante, giant plant monster",Audrey II
468,Stables Work,4,0.04%,1,0.7%,426,4.00,0,0,0,1,100,keyleth of the air ashari,Keyleth - Atlanta
469,Steady Aim,4,0.04%,1,0.7%,434,4.00,0,0,0,1,105,krista lenz,Raw
470,Steel Muscle Explosion!,4,0.04%,1,0.7%,497,4.00,0,0,0,1,8,"sasha blouse, food fanatic",Samwise
471,Support from the Female Titan,4,0.04%,1,0.7%,484,4.00,0,0,0,1,67,"spacegodzilla, bio-quartz monster",Go! Go! Goutzilla!
472,Surviving The Final,4,0.04%,1,0.7%,491,4.00,0,0,0,1,73,"godzilla, shin godzilla",Shin Godzilla
473,Sweeping Destruction,4,0.04%,1,0.7%,490,4.00,0,0,0,1,73,"godzilla, shin godzilla",Shin Godzilla
474,Switch Blade,4,0.04%,1,0.7%,500,4.00,0,0,0,1,90,armored all might,New Deck
475,Sword Get Longer,4,0.04%,1,0.7%,499,4.00,0,0,0,1,88,"dorian storm, charming minstrel",LuteBound
476,Tarot Reading,4,0.04%,1,0.7%,453,4.00,0,0,0,1,136,"dorian storm, charming minstrel",Dorian Standard
477,Tekken Ball,4,0.04%,1,0.7%,472,4.00,0,0,0,1,3,"reiner braun, warrior // reiner, armored titan advancing",holy cr*p reiner is meta guys
478,Tense Standoff,4,0.04%,1,0.7%,424,4.00,0,0,0,1,1,"mikasa ackerman, hizuru’s hope",Mistress Of The Salmon Salt
479,The Beast Titan Appears,4,0.04%,1,0.7%,492,4.00,0,0,0,1,73,"godzilla, shin godzilla",Shin Godzilla
480,The Jaw Titan’s Bite,4,0.04%,1,0.7%,506,4.00,0,0,0,1,97,Reina,Ender Reina
481,This Is My Chance!!,4,0.04%,1,0.7%,502,4.00,0,0,0,1,95,mirko,Crash Out #17
482,Titan’s Flight,4,0.04%,1,0.7%,493,4.00,0,0,0,1,73,"godzilla, shin godzilla",Shin Godzilla
483,Toughest Punk in Junior High,4,0.04%,1,0.7%,429,4.00,0,0,0,1,101,"grog strongjaw, mighty half-giant",Strongjaw Steve Austin
484,Twisted Reflection,4,0.04%,1,0.7%,471,4.00,0,0,0,1,3,"reiner braun, warrior // reiner, armored titan advancing",holy cr*p reiner is meta guys
485,Unmatched Quickness,4,0.04%,1,0.7%,464,4.00,0,0,0,1,16,"king ghidorah, emperor of the cosmos",Not Fast But F
486,Wall Maria's Might,4,0.04%,1,0.7%,433,4.00,0,0,0,1,105,krista lenz,Raw
487,What Could This Be?,4,0.04%,1,0.7%,473,4.00,0,0,0,1,3,"reiner braun, warrior // reiner, armored titan advancing",holy cr*p reiner is meta guys
488,Wild Wild Pussycats,4,0.04%,1,0.7%,470,4.00,0,0,0,1,2,Ymir,I've lied
489,Wingnut’s Warning,4,0.04%,1,0.7%,468,4.00,0,0,0,1,17,nick ragan,Nick
490,Wound / Restore,4,0.04%,1,0.7%,447,4.00,0,0,0,1,120,happy chaos,Season 4 Local Championship DOUBLE HEADER - Saturday Peyton N Deck Submission
491,Young and Free,4,0.04%,1,0.7%,463,4.00,0,0,0,1,142,"izuku midoriya, deku",R4 Regional Main Event Perry S Deck Submission
492,Rank of Titans,3,0.03%,3,2.1%,290,1.00,3,0,0,0,21,"zeke yeager // zeke, beast titan",Zeke1 Dallas - Zach Richards
493,Warden’s Protection,3,0.03%,3,2.1%,291,1.00,3,0,0,0,49,byakko,byakko last chan
494,Armored Car Hercules,3,0.03%,2,1.4%,410,1.50,1,1,0,0,117,armored all might,Budget Iron Might
495,Erwin's Final Charge,3,0.03%,2,1.4%,407,1.50,1,1,0,0,102,"bertolt hoover, living weapon // bertolt, colossus titan advancing",R4 Regional Main Event Michael R Deck Submission
496,Kiyomi Azumabito,3,0.03%,2,1.4%,417,1.50,1,1,0,0,65,mikasa ackerman,"Unless I fight, I cannot win"
497,Moment of Peace,3,0.03%,2,1.4%,414,1.50,1,1,0,0,2,Ymir,I've lied
498,Quick Arrival,3,0.03%,2,1.4%,409,1.50,1,1,0,0,85,"king ghidorah, three-headed monster",Big King G
499,Reani,3,0.03%,2,1.4%,408,1.50,1,1,0,0,61,"armin arlert, brilliant mind",Rarmin Hammer Baking Soda
500,Scanlan’s Hand,3,0.03%,2,1.4%,416,1.50,1,1,0,0,54,Jack-8,Bulk
501,The Prowess of the Survey Corps,3,0.03%,2,1.4%,412,1.50,1,1,0,0,135,Reina,Im smoking pack so pressure im rolling up coal and exhaling diamonds
502,Tricky Spinner,3,0.03%,2,1.4%,413,1.50,1,1,0,0,66,mikasa ackerman,Big potato 🥔  stuff....
503,Unyielding Force,3,0.03%,2,1.4%,411,1.50,1,1,0,0,125,"anguirus, fierce dragon",Earth Anguirus
504,Urameshi Perseverance,3,0.03%,2,1.4%,415,1.50,1,1,0,0,9,Eddy Gordo,life changing thermal flame on a 5
505,Abyss Damnation,3,0.03%,1,0.7%,554,3.00,0,0,1,0,63,"isla, dreaming brilliance",New Deck
506,Adaptable Anatomy,3,0.03%,1,0.7%,537,3.00,0,0,1,0,16,"king ghidorah, emperor of the cosmos",Not Fast But F
507,All Might’s Armored Punch,3,0.03%,1,0.7%,521,3.00,0,0,1,0,117,armored all might,Budget Iron Might
508,Ancient Research,3,0.03%,1,0.7%,514,3.00,0,0,1,0,107,lady kima of vord,Machine Gun Kima
509,Bedazzled Helm Blast,3,0.03%,1,0.7%,517,3.00,0,0,1,0,110,"taryon darrington, naive creator",atl 2026
510,Biollante Arrives,3,0.03%,1,0.7%,546,3.00,0,0,1,0,55,"biollante, giant plant monster",Audrey II
511,Brace for Impact,3,0.03%,1,0.7%,560,3.00,0,0,1,0,90,armored all might,New Deck
512,Cage of Hell,3,0.03%,1,0.7%,556,3.00,0,0,1,0,66,mikasa ackerman,Big potato 🥔  stuff....
513,Cheerleader,3,0.03%,1,0.7%,539,3.00,0,0,1,0,19,"Izuku Midoriya, On The Move",New Deck
514,Cute Host Koto,3,0.03%,1,0.7%,551,3.00,0,0,1,0,61,"armin arlert, brilliant mind",Rarmin Hammer Baking Soda
515,Dawning Horror,3,0.03%,1,0.7%,553,3.00,0,0,1,0,62,"pumat sol, magical proprietor",Eriatarkus
516,Deft Approach,3,0.03%,1,0.7%,563,3.00,0,0,1,0,91,"rodan, fire rodan",Fire Rodan
517,Dismantling the Wall,3,0.03%,1,0.7%,541,3.00,0,0,1,0,25,"godzilla, shin godzilla",Shinny sh
518,Elegance & Beauty,3,0.03%,1,0.7%,510,3.00,0,0,1,0,100,keyleth of the air ashari,Keyleth - Atlanta
519,Endlessly Doting,3,0.03%,1,0.7%,525,3.00,0,0,1,0,125,"anguirus, fierce dragon",Earth Anguirus
520,Execute Orders!,3,0.03%,1,0.7%,544,3.00,0,0,1,0,46,Jack-8,Jack of all trades
521,Female Titan Attacks!,3,0.03%,1,0.7%,536,3.00,0,0,1,0,15,"godzilla, shin godzilla",Shin Death
522,Flying Takedown,3,0.03%,1,0.7%,559,3.00,0,0,1,0,87,"anguirus, fierce dragon",Standard Angu
523,Freedom Face Buster,3,0.03%,1,0.7%,511,3.00,0,0,1,0,101,"grog strongjaw, mighty half-giant",Strongjaw Steve Austin
524,Gas Propellant,3,0.03%,1,0.7%,526,3.00,0,0,1,0,13,"mothra, divine moth",Gas Propellant
525,Harmonious Spirit,3,0.03%,1,0.7%,527,3.00,0,0,1,0,13,"mothra, divine moth",Gas Propellant
526,Holy Soil,3,0.03%,1,0.7%,530,3.00,0,0,1,0,141,i-no,I-no u-no
527,Hooligan’s Mockery,3,0.03%,1,0.7%,531,3.00,0,0,1,0,141,i-no,I-no u-no
528,Hotheaded Opener,3,0.03%,1,0.7%,543,3.00,0,0,1,0,40,Lars Alexandersson,Larson
529,Hungry for Pizza,3,0.03%,1,0.7%,532,3.00,0,0,1,0,142,"izuku midoriya, deku",R4 Regional Main Event Perry S Deck Submission
530,Jaw Jammer,3,0.03%,1,0.7%,547,3.00,0,0,1,0,55,"biollante, giant plant monster",Audrey II
531,Karambit,3,0.03%,1,0.7%,518,3.00,0,0,1,0,110,"taryon darrington, naive creator",atl 2026
532,Lion of the Rebellion,3,0.03%,1,0.7%,558,3.00,0,0,1,0,77,Lars Alexandersson,Lars - Good
533,Malicious Assault,3,0.03%,1,0.7%,548,3.00,0,0,1,0,58,"izuku midoriya, on the move // izuku midoriya, quirks unleashed",Deku Out
534,Mechanical Monster,3,0.03%,1,0.7%,542,3.00,0,0,1,0,39,mitchell cimino,This guy is cool
535,Midst of Despair,3,0.03%,1,0.7%,540,3.00,0,0,1,0,2,Ymir,I've lied
536,Naniwa Gusto,3,0.03%,1,0.7%,524,3.00,0,0,1,0,120,happy chaos,Season 4 Local Championship DOUBLE HEADER - Saturday Peyton N Deck Submission
537,Next-Gen Model,3,0.03%,1,0.7%,552,3.00,0,0,1,0,61,"armin arlert, brilliant mind",Rarmin Hammer Baking Soda
538,Panicked Outburst,3,0.03%,1,0.7%,512,3.00,0,0,1,0,104,Nina Williams,Nina
539,Purple Lightning,3,0.03%,1,0.7%,523,3.00,0,0,1,0,120,happy chaos,Season 4 Local Championship DOUBLE HEADER - Saturday Peyton N Deck Submission
540,"Rage Riot // Iron, Former Hunter",3,0.03%,1,0.7%,519,3.00,0,0,1,0,111,"sung jinwoo, e rank hunter",Sung Jinwo
541,Resilient Charge,3,0.03%,1,0.7%,516,3.00,0,0,1,0,107,lady kima of vord,Machine Gun Kima
542,Rock’n Roll Circus,3,0.03%,1,0.7%,528,3.00,0,0,1,0,139,King,New Deck
543,Sacred Dismantle Spark,3,0.03%,1,0.7%,565,3.00,0,0,1,0,97,Reina,Ender Reina
544,Scribe,3,0.03%,1,0.7%,555,3.00,0,0,1,0,63,"isla, dreaming brilliance",New Deck
545,Shell-Shocked!,3,0.03%,1,0.7%,522,3.00,0,0,1,0,117,armored all might,Budget Iron Might
546,Singing Fish,3,0.03%,1,0.7%,533,3.00,0,0,1,0,147,bridget,Bridge-
547,Size Specialist,3,0.03%,1,0.7%,550,3.00,0,0,1,0,58,"izuku midoriya, on the move // izuku midoriya, quirks unleashed",Deku Out
548,Smarts over Strength,3,0.03%,1,0.7%,545,3.00,0,0,1,0,50,Jack-8,Jack Atlanta
549,Spirited Peacemaker,3,0.03%,1,0.7%,513,3.00,0,0,1,0,105,krista lenz,Raw
550,Spiteful Intentions,3,0.03%,1,0.7%,557,3.00,0,0,1,0,74,"all for one, demon lord",All for Momentum (v4 - Atlanta)
551,Storm of Arrows,3,0.03%,1,0.7%,520,3.00,0,0,1,0,115,"vex’ahlia, resourceful hunter",Vex - Atlanta
552,Support Gear Updates,3,0.03%,1,0.7%,535,3.00,0,0,1,0,149,armored all might,Car Might
553,Sword of the Darkness Flame,3,0.03%,1,0.7%,538,3.00,0,0,1,0,16,"king ghidorah, emperor of the cosmos",Not Fast But F
554,Tail Trip,3,0.03%,1,0.7%,564,3.00,0,0,1,0,94,"anguirus, fierce dragon",Angy - Atlanta 2026
555,Teenage Downtime,3,0.03%,1,0.7%,561,3.00,0,0,1,0,90,armored all might,New Deck
556,The Founding Titan’s Power // Ymir Fritz,3,0.03%,1,0.7%,515,3.00,0,0,1,0,107,lady kima of vord,Machine Gun Kima
557,The Masked Jaguar,3,0.03%,1,0.7%,529,3.00,0,0,1,0,139,King,New Deck
558,Thruster Vision: Back,3,0.03%,1,0.7%,534,3.00,0,0,1,0,147,bridget,Bridge-
559,Upward Rai-Kou Ken,3,0.03%,1,0.7%,566,3.00,0,0,1,0,97,Reina,Ender Reina
560,Vagrant Truthseeker,3,0.03%,1,0.7%,562,3.00,0,0,1,0,90,armored all might,New Deck
561,Valiant Hero,3,0.03%,1,0.7%,549,3.00,0,0,1,0,58,"izuku midoriya, on the move // izuku midoriya, quirks unleashed",Deku Out
562,Back to Ordinary,2,0.02%,2,1.4%,420,1.00,2,0,0,0,58,"izuku midoriya, on the move // izuku midoriya, quirks unleashed",Deku Out
563,Combination Salvo,2,0.02%,2,1.4%,419,1.00,2,0,0,0,86,"rodan, giant monster of the sky",I'll give this god damn bird a go
564,Concern for Rocksteady,2,0.02%,2,1.4%,421,1.00,2,0,0,0,9,Eddy Gordo,life changing thermal flame on a 5
565,Killing the Old Ways,2,0.02%,2,1.4%,418,1.00,2,0,0,0,3,"reiner braun, warrior // reiner, armored titan advancing",holy cr*p reiner is meta guys
566,Net Launcher,2,0.02%,2,1.4%,422,1.00,2,0,0,0,49,byakko,byakko last chan
567,Absorbing Pollution,2,0.02%,1,0.7%,638,2.00,0,1,0,0,88,"dorian storm, charming minstrel",LuteBound
568,Anger of the Beast,2,0.02%,1,0.7%,604,2.00,0,1,0,0,139,King,New Deck
569,Anti-Personnel Vertical Maneuvering Equipment,2,0.02%,1,0.7%,598,2.00,0,1,0,0,132,Yoshimitsu,Yoshi-Man
570,Artificial Power,2,0.02%,1,0.7%,571,2.00,0,1,0,0,104,Nina Williams,Nina
571,Aura Slam,2,0.02%,1,0.7%,627,2.00,0,1,0,0,49,byakko,byakko last chan
572,Bad News Bullet,2,0.02%,1,0.7%,584,2.00,0,1,0,0,115,"vex’ahlia, resourceful hunter",Vex - Atlanta
573,"Badgey, Vengeful Pal",2,0.02%,1,0.7%,578,2.00,0,1,0,0,110,"taryon darrington, naive creator",atl 2026
574,Battle Preparations,2,0.02%,1,0.7%,631,2.00,0,1,0,0,62,"pumat sol, magical proprietor",Eriatarkus
575,Beautiful Suzuki,2,0.02%,1,0.7%,591,2.00,0,1,0,0,120,happy chaos,Season 4 Local Championship DOUBLE HEADER - Saturday Peyton N Deck Submission
576,Bleak Commentary,2,0.02%,1,0.7%,628,2.00,0,1,0,0,50,Jack-8,Jack Atlanta
577,Breaking the Cuffs,2,0.02%,1,0.7%,607,2.00,0,1,0,0,140,armored all might,Armored Good Might
578,Bullet Kick,2,0.02%,1,0.7%,623,2.00,0,1,0,0,36,"izuku midoriya, deku",9th Wielder
579,Catching a Meteor,2,0.02%,1,0.7%,589,2.00,0,1,0,0,120,happy chaos,Season 4 Local Championship DOUBLE HEADER - Saturday Peyton N Deck Submission
580,Channeling Spell Seal,2,0.02%,1,0.7%,639,2.00,0,1,0,0,9,Eddy Gordo,life changing thermal flame on a 5
581,Chaos in the Streets,2,0.02%,1,0.7%,575,2.00,0,1,0,0,105,krista lenz,Raw
582,Cross-Up Protection,2,0.02%,1,0.7%,590,2.00,0,1,0,0,120,happy chaos,Season 4 Local Championship DOUBLE HEADER - Saturday Peyton N Deck Submission
583,Crush the Cavalry,2,0.02%,1,0.7%,617,2.00,0,1,0,0,25,"godzilla, shin godzilla",Shinny sh
584,Crystal Formation,2,0.02%,1,0.7%,620,2.00,0,1,0,0,3,"reiner braun, warrior // reiner, armored titan advancing",holy cr*p reiner is meta guys
585,Deep-Sea Shred,2,0.02%,1,0.7%,568,2.00,0,1,0,0,102,"bertolt hoover, living weapon // bertolt, colossus titan advancing",R4 Regional Main Event Michael R Deck Submission
586,Defend the City,2,0.02%,1,0.7%,585,2.00,0,1,0,0,115,"vex’ahlia, resourceful hunter",Vex - Atlanta
587,Destructive Slam,2,0.02%,1,0.7%,603,2.00,0,1,0,0,139,King,New Deck
588,Donny’s Bō Staff,2,0.02%,1,0.7%,622,2.00,0,1,0,0,35,"donatello, the smart one",Uncreated Light
589,Drift,2,0.02%,1,0.7%,593,2.00,0,1,0,0,122,"biollante, giant plant monster",Erika Shiragami
590,Effective Punishment,2,0.02%,1,0.7%,586,2.00,0,1,0,0,115,"vex’ahlia, resourceful hunter",Vex - Atlanta
591,Faith’s Shield,2,0.02%,1,0.7%,624,2.00,0,1,0,0,44,"mothra, giant moth monster",Go 4 Games Round 4 Local Championship Mark V Deck Submission
592,First Wielder: One for All,2,0.02%,1,0.7%,637,2.00,0,1,0,0,81,"izuku midoriya, deku",Sear deku
593,Flying Elbow Drop,2,0.02%,1,0.7%,567,2.00,0,1,0,0,102,"bertolt hoover, living weapon // bertolt, colossus titan advancing",R4 Regional Main Event Michael R Deck Submission
594,Fortitude of the Armored Titan,2,0.02%,1,0.7%,577,2.00,0,1,0,0,105,krista lenz,Raw
595,Gathering Supplies,2,0.02%,1,0.7%,600,2.00,0,1,0,0,135,Reina,Im smoking pack so pressure im rolling up coal and exhaling diamonds
596,Hedrium Endurance,2,0.02%,1,0.7%,643,2.00,0,1,0,0,98,"grog strongjaw, mighty half-giant",Grog \| Death
597,Hidden Motives,2,0.02%,1,0.7%,605,2.00,0,1,0,0,139,King,New Deck
598,Infiltrating Xhorhas,2,0.02%,1,0.7%,610,2.00,0,1,0,0,141,i-no,I-no u-no
599,Kuzuryu,2,0.02%,1,0.7%,626,2.00,0,1,0,0,47,Kazuya Mishima,New Deck
600,Last-Second Dodge,2,0.02%,1,0.7%,594,2.00,0,1,0,0,125,"anguirus, fierce dragon",Earth Anguirus
601,Leveling Strength,2,0.02%,1,0.7%,581,2.00,0,1,0,0,111,"sung jinwoo, e rank hunter",Sung Jinwo
602,Little Mister,2,0.02%,1,0.7%,621,2.00,0,1,0,0,3,"reiner braun, warrior // reiner, armored titan advancing",holy cr*p reiner is meta guys
603,Lucky Break,2,0.02%,1,0.7%,602,2.00,0,1,0,0,136,"dorian storm, charming minstrel",Dorian Standard
604,Mandate Order,2,0.02%,1,0.7%,616,2.00,0,1,0,0,23,Jack-8,Jackin' It
605,Mark Your Prey,2,0.02%,1,0.7%,583,2.00,0,1,0,0,115,"vex’ahlia, resourceful hunter",Vex - Atlanta
606,Marley’s Warriors,2,0.02%,1,0.7%,569,2.00,0,1,0,0,102,"bertolt hoover, living weapon // bertolt, colossus titan advancing",R4 Regional Main Event Michael R Deck Submission
607,Numbers Advantage,2,0.02%,1,0.7%,573,2.00,0,1,0,0,104,Nina Williams,Nina
608,Planned Coup,2,0.02%,1,0.7%,641,2.00,0,1,0,0,91,"rodan, fire rodan",Fire Rodan
609,Power of the Monsters,2,0.02%,1,0.7%,636,2.00,0,1,0,0,80,"anguirus, fierce dragon",Catch This
610,Powerful Escort,2,0.02%,1,0.7%,633,2.00,0,1,0,0,73,"godzilla, shin godzilla",Shin Godzilla
611,Pressing the Advantage,2,0.02%,1,0.7%,612,2.00,0,1,0,0,143,"battra, beast of destruction",Badtra
612,Protecting Yukina,2,0.02%,1,0.7%,595,2.00,0,1,0,0,126,"all for one, demon lord",All For One \| Chaos \| Atlanta
613,Rapid Rescue,2,0.02%,1,0.7%,588,2.00,0,1,0,0,117,armored all might,Budget Iron Might
614,Reboot,2,0.02%,1,0.7%,615,2.00,0,1,0,0,23,Jack-8,Jackin' It
615,Reflecting on Choices,2,0.02%,1,0.7%,634,2.00,0,1,0,0,74,"all for one, demon lord",All for Momentum (v4 - Atlanta)
616,Resurrected King of Iron Fist,2,0.02%,1,0.7%,592,2.00,0,1,0,0,120,happy chaos,Season 4 Local Championship DOUBLE HEADER - Saturday Peyton N Deck Submission
617,Revered Hermit,2,0.02%,1,0.7%,606,2.00,0,1,0,0,139,King,New Deck
618,Sadistic Tormentor,2,0.02%,1,0.7%,635,2.00,0,1,0,0,74,"all for one, demon lord",All for Momentum (v4 - Atlanta)
619,Same Old Field Rations,2,0.02%,1,0.7%,619,2.00,0,1,0,0,25,"godzilla, shin godzilla",Shinny sh
620,Short-Range Shot,2,0.02%,1,0.7%,570,2.00,0,1,0,0,102,"bertolt hoover, living weapon // bertolt, colossus titan advancing",R4 Regional Main Event Michael R Deck Submission
621,Sickle Flash,2,0.02%,1,0.7%,596,2.00,0,1,0,0,127,Alisa Bosconovitch,Regional Alisa
622,Smiling Titan Attacks!,2,0.02%,1,0.7%,613,2.00,0,1,0,0,15,"godzilla, shin godzilla",Shin Death
623,Spirit Gun Final,2,0.02%,1,0.7%,608,2.00,0,1,0,0,140,armored all might,Armored Good Might
624,Strategic Maneuver,2,0.02%,1,0.7%,629,2.00,0,1,0,0,56,"pumat sol, magical proprietor",New Deck
625,Suggestive Spell,2,0.02%,1,0.7%,611,2.00,0,1,0,0,141,i-no,I-no u-no
626,Takemikazuchi,2,0.02%,1,0.7%,579,2.00,0,1,0,0,110,"taryon darrington, naive creator",atl 2026
627,Tempest Demon God Fist,2,0.02%,1,0.7%,576,2.00,0,1,0,0,105,krista lenz,Raw
628,The Coronation of Historia Reiss,2,0.02%,1,0.7%,630,2.00,0,1,0,0,61,"armin arlert, brilliant mind",Rarmin Hammer Baking Soda
629,The Curiosity of Armin Arlert,2,0.02%,1,0.7%,580,2.00,0,1,0,0,110,"taryon darrington, naive creator",atl 2026
630,The Power of SpaceGodzilla,2,0.02%,1,0.7%,632,2.00,0,1,0,0,67,"spacegodzilla, bio-quartz monster",Go! Go! Goutzilla!
631,The Rumbling,2,0.02%,1,0.7%,618,2.00,0,1,0,0,25,"godzilla, shin godzilla",Shinny sh
632,The Unending Path,2,0.02%,1,0.7%,640,2.00,0,1,0,0,90,armored all might,New Deck
633,Trash the City,2,0.02%,1,0.7%,599,2.00,0,1,0,0,133,Kazuya Mishima,Malik’s Kazuma
634,Triple Beam,2,0.02%,1,0.7%,582,2.00,0,1,0,0,113,"king ghidorah, three-headed monster",King Ghidorah death
635,Trying to Reach Eren,2,0.02%,1,0.7%,601,2.00,0,1,0,0,136,"dorian storm, charming minstrel",Dorian Standard
636,Twins' Bond,2,0.02%,1,0.7%,642,2.00,0,1,0,0,95,mirko,Crash Out #17
637,Two-to-Three-Meter-Class Titans,2,0.02%,1,0.7%,614,2.00,0,1,0,0,22,"zeke yeager // zeke, beast titan",Yeke Zeager
638,Ultimo Jaguar,2,0.02%,1,0.7%,597,2.00,0,1,0,0,130,Yoshimitsu,Atlanta Yoshi
639,Unmatched Power,2,0.02%,1,0.7%,625,2.00,0,1,0,0,44,"mothra, giant moth monster",Go 4 Games Round 4 Local Championship Mark V Deck Submission
640,Warrior Instinct,2,0.02%,1,0.7%,574,2.00,0,1,0,0,104,Nina Williams,Nina
641,Wild Assault,2,0.02%,1,0.7%,572,2.00,0,1,0,0,104,Nina Williams,Nina
642,Woodland Distraction,2,0.02%,1,0.7%,587,2.00,0,1,0,0,115,"vex’ahlia, resourceful hunter",Vex - Atlanta
643,Youthful Optimism,2,0.02%,1,0.7%,609,2.00,0,1,0,0,140,armored all might,Armored Good Might
644,Alone Infection,1,0.01%,1,0.7%,654,1.00,1,0,0,0,120,happy chaos,Season 4 Local Championship DOUBLE HEADER - Saturday Peyton N Deck Submission
645,Ascend to Battle,1,0.01%,1,0.7%,681,1.00,1,0,0,0,86,"rodan, giant monster of the sky",I'll give this god damn bird a go
646,Burning Fist,1,0.01%,1,0.7%,650,1.00,1,0,0,0,106,Alisa Bosconovitch,robot goes to georgia
647,Cabin Hideout,1,0.01%,1,0.7%,659,1.00,1,0,0,0,132,Yoshimitsu,Yoshi-Man
648,Carnival Barker,1,0.01%,1,0.7%,682,1.00,1,0,0,0,88,"dorian storm, charming minstrel",LuteBound
649,Collecting Scraps,1,0.01%,1,0.7%,669,1.00,1,0,0,0,35,"donatello, the smart one",Uncreated Light
650,Colossus Titan's Destructive Power // Bertolt's Devotion,1,0.01%,1,0.7%,648,1.00,1,0,0,0,102,"bertolt hoover, living weapon // bertolt, colossus titan advancing",R4 Regional Main Event Michael R Deck Submission
651,Cut Deep,1,0.01%,1,0.7%,646,1.00,1,0,0,0,101,"grog strongjaw, mighty half-giant",Strongjaw Steve Austin
652,Dash toward Disaster,1,0.01%,1,0.7%,673,1.00,1,0,0,0,44,"mothra, giant moth monster",Go 4 Games Round 4 Local Championship Mark V Deck Submission
653,Devastating Loss,1,0.01%,1,0.7%,665,1.00,1,0,0,0,20,"godzilla, shin godzilla",New Deck
654,Devil’s Instincts,1,0.01%,1,0.7%,655,1.00,1,0,0,0,120,happy chaos,Season 4 Local Championship DOUBLE HEADER - Saturday Peyton N Deck Submission
655,Devour Your Power,1,0.01%,1,0.7%,657,1.00,1,0,0,0,126,"all for one, demon lord",All For One \| Chaos \| Atlanta
656,Eri,1,0.01%,1,0.7%,683,1.00,1,0,0,0,90,armored all might,New Deck
657,Falling Titans // Zeke’s Dream Becoming Real,1,0.01%,1,0.7%,666,1.00,1,0,0,0,21,"zeke yeager // zeke, beast titan",Zeke1 Dallas - Zach Richards
658,Fifth Wielder: Blackwhip,1,0.01%,1,0.7%,678,1.00,1,0,0,0,59,"izuku midoriya, deku",Atlanta Deku
659,Found Family,1,0.01%,1,0.7%,674,1.00,1,0,0,0,49,byakko,byakko last chan
660,Garuda Impact,1,0.01%,1,0.7%,686,1.00,1,0,0,0,98,"grog strongjaw, mighty half-giant",Grog \| Death
661,Gunslinger's Focus,1,0.01%,1,0.7%,656,1.00,1,0,0,0,120,happy chaos,Season 4 Local Championship DOUBLE HEADER - Saturday Peyton N Deck Submission
662,Hiding Out,1,0.01%,1,0.7%,677,1.00,1,0,0,0,52,"biollante, giant plant monster",Bearollant
663,High-Velocity Slice,1,0.01%,1,0.7%,658,1.00,1,0,0,0,13,"mothra, divine moth",Gas Propellant
664,Hoverdash,1,0.01%,1,0.7%,663,1.00,1,0,0,0,141,i-no,I-no u-no
665,Hundred Lightning Kicks,1,0.01%,1,0.7%,685,1.00,1,0,0,0,95,mirko,Crash Out #17
666,Intentions Made Clear,1,0.01%,1,0.7%,676,1.00,1,0,0,0,51,"mothra, divine moth",Headspins Tu
667,Jaguar Sprint,1,0.01%,1,0.7%,647,1.00,1,0,0,0,101,"grog strongjaw, mighty half-giant",Strongjaw Steve Austin
668,Lethal Rending,1,0.01%,1,0.7%,644,1.00,1,0,0,0,1,"mikasa ackerman, hizuru’s hope",Mistress Of The Salmon Salt
669,"Not Now, I'm Gaming",1,0.01%,1,0.7%,653,1.00,1,0,0,0,116,"king ghidorah, three-headed monster",Kg death pre tekken
670,Nothing to See Here,1,0.01%,1,0.7%,680,1.00,1,0,0,0,73,"godzilla, shin godzilla",Shin Godzilla
671,Psychic Spirit Glass,1,0.01%,1,0.7%,670,1.00,1,0,0,0,35,"donatello, the smart one",Uncreated Light
672,Restore Ally,1,0.01%,1,0.7%,667,1.00,1,0,0,0,21,"zeke yeager // zeke, beast titan",Zeke1 Dallas - Zach Richards
673,Sacred Guardian,1,0.01%,1,0.7%,660,1.00,1,0,0,0,138,"izuku midoriya, deku",Deku
674,Shaun Gilmore,1,0.01%,1,0.7%,668,1.00,1,0,0,0,21,"zeke yeager // zeke, beast titan",Zeke1 Dallas - Zach Richards
675,Soaring in the Skies,1,0.01%,1,0.7%,679,1.00,1,0,0,0,66,mikasa ackerman,Big potato 🥔  stuff....
676,Spirit Gun Mega,1,0.01%,1,0.7%,662,1.00,1,0,0,0,140,armored all might,Armored Good Might
677,Survey Corps Elite,1,0.01%,1,0.7%,671,1.00,1,0,0,0,37,"mikasa ackerman, hizuru’s hope",My M4 Goes BRRRRRRRRR
678,The Cursed Blade Yoshimitsu,1,0.01%,1,0.7%,684,1.00,1,0,0,0,90,armored all might,New Deck
679,The Three Eyes of Hiei,1,0.01%,1,0.7%,664,1.00,1,0,0,0,141,i-no,I-no u-no
680,Theo Magath,1,0.01%,1,0.7%,672,1.00,1,0,0,0,39,mitchell cimino,This guy is cool
681,Titan Injection,1,0.01%,1,0.7%,675,1.00,1,0,0,0,50,Jack-8,Jack Atlanta
682,Trinket,1,0.01%,1,0.7%,652,1.00,1,0,0,0,115,"vex’ahlia, resourceful hunter",Vex - Atlanta
683,Uraotogi Expertise,1,0.01%,1,0.7%,651,1.00,1,0,0,0,115,"vex’ahlia, resourceful hunter",Vex - Atlanta
684,Venture Forth from Syngorn,1,0.01%,1,0.7%,661,1.00,1,0,0,0,139,King,New Deck
685,Warped Pleasure,1,0.01%,1,0.7%,649,1.00,1,0,0,0,102,"bertolt hoover, living weapon // bertolt, colossus titan advancing",R4 Regional Main Event Michael R Deck Submission
686,Willy Tybur,1,0.01%,1,0.7%,645,1.00,1,0,0,0,1,"mikasa ackerman, hizuru’s hope",Mistress Of The Salmon Salt
